Sample,Species,exp_16s,cov1_cm,cov2_tp
smp_1,Absiella_argi,0,C,1
smp_1,Absiella_dolichum,0,C,1
smp_1,Acinetobacter_sp.,0,C,1
smp_1,Acinetobacter_ursingii,0,C,1
smp_1,Actinomyces_graevenitzii,0,C,1
smp_1,Actinotignum_schaalii,0,C,1
smp_1,Akkermansia_muciniphila,0,C,1
smp_1,Alistipes_finegoldii,0,C,1
smp_1,Alistipes_indistinctus,0,C,1
smp_1,Alistipes_inops,0,C,1
smp_1,Alistipes_obesi,0,C,1
smp_1,Alistipes_sp.,0,C,1
smp_1,Anaerococcus_hydrogenalis,0,C,1
smp_1,Anaerococcus_vaginalis,0,C,1
smp_1,Anaerofustis_stercorihominis,0,C,1
smp_1,Anaeroglobus_geminatus,0,C,1
smp_1,Anaerostipes_caccae,0,C,1
smp_1,Anaerostipes_rhamnosivorans,0,C,1
smp_1,Anaerotruncus_sp.,0,C,1
smp_1,Atopobium_vaginae,0,C,1
smp_1,bacterium_YE57,0,C,1
smp_1,Bacteroidaceae_bacterium,0,C,1
smp_1,Bacteroides_barnesiae,0,C,1
smp_1,Bacteroides_caecigallinarum,0,C,1
smp_1,Bacteroides_clarus,0,C,1
smp_1,Bacteroides_coprocola,4.489,C,1
smp_1,Bacteroides_coprophilus,0,C,1
smp_1,Bacteroides_eggerthii,0,C,1
smp_1,Bacteroides_finegoldii,0,C,1
smp_1,Bacteroides_massiliensis,0,C,1
smp_1,Bacteroides_sartorii,4.23,C,1
smp_1,Bacteroides_sp.,0,C,1
smp_1,Bacteroides_stercoris,3.836,C,1
smp_1,Bacteroides_vulgatus,0,C,1
smp_1,Barnesiella_viscericola,0,C,1
smp_1,Bifidobacterium_animalis,0,C,1
smp_1,Bifidobacterium_bifidum,0,C,1
smp_1,Bifidobacterium_pullorum,0,C,1
smp_1,Blautia_caecimuris,0,C,1
smp_1,Blautia_faecis,0,C,1
smp_1,Blautia_hydrogenotrophica,0,C,1
smp_1,Blautia_sp.,0,C,1
smp_1,Blautia_stercoris,0,C,1
smp_1,Brachyspira_aalborgi,0,C,1
smp_1,Burkholderia_sp.,0,C,1
smp_1,Butyricicoccus_pullicaecorum,0,C,1
smp_1,Butyrivibrio_crossotus,0,C,1
smp_1,Campylobacter_concisus,0,C,1
smp_1,Campylobacter_gracilis,0,C,1
smp_1,Campylobacter_hominis,0,C,1
smp_1,Campylobacter_ureolyticus,0,C,1
smp_1,Candidatus_Babela,0,C,1
smp_1,Candidatus_Fonsibacter,0,C,1
smp_1,Candidatus_Nanopelagicus,0,C,1
smp_1,Candidatus_Stoquefichus,0,C,1
smp_1,Catenibacillus_scindens,0,C,1
smp_1,Christensenella_minuta,0,C,1
smp_1,Chryseobacterium_chaponense,0,C,1
smp_1,Cladosporium_iridis,0,C,1
smp_1,Cloacibacillus_evryensis,0,C,1
smp_1,Clostridiaceae_bacterium,0,C,1
smp_1,Clostridiales_bacterium,0,C,1
smp_1,Clostridium_butyricum,0,C,1
smp_1,Clostridium_paraputrificum,0,C,1
smp_1,Clostridium_perfringens,0,C,1
smp_1,Clostridium_tertium,0,C,1
smp_1,Colletotrichum_nicotianae,0,C,1
smp_1,Collinsella_sp.,0,C,1
smp_1,Collinsella_stercoris,0,C,1
smp_1,Collinsella_tanakaei,0,C,1
smp_1,Coprobacter_secundus,0,C,1
smp_1,Coprococcus_eutactus,0,C,1
smp_1,Corynebacterium_argentoratense,0,C,1
smp_1,Corynebacterium_aurimucosum,0,C,1
smp_1,Corynebacterium_durum,0,C,1
smp_1,Daucus_carota,0,C,1
smp_1,Desulfovibrio_ferrireducens,0,C,1
smp_1,Desulfovibrio_piger,0,C,1
smp_1,Desulfovibrio_sp.,0,C,1
smp_1,Dielma_sp.,0,C,1
smp_1,Eggerthella_sinensis,0,C,1
smp_1,Empedobacter_brevis,0,C,1
smp_1,Eubacteriaceae_bacterium,0,C,1
smp_1,Eubacterium_limosum,0,C,1
smp_1,Eubacterium_ramulus,0,C,1
smp_1,Eubacterium_saphenum,0,C,1
smp_1,Eubacterium_sp.,0,C,1
smp_1,Extibacter_muris,0,C,1
smp_1,Ezakiella_peruensis,0,C,1
smp_1,Faecalicatena_fissicatena,0,C,1
smp_1,Faecalicoccus_pleomorphus,0,C,1
smp_1,Faecalitalea_cylindroides,0,C,1
smp_1,Filimonas_sp.,0,C,1
smp_1,Flavonifractor_plautii,0,C,1
smp_1,Fusobacterium_mortiferum,0,C,1
smp_1,Fusobacterium_necrophorum,0,C,1
smp_1,Gabonibacter_massiliensis,0,C,1
smp_1,Gluconobacter_cerinus,0,C,1
smp_1,Gordonibacter_pamelaeae,0,C,1
smp_1,Gymnodinium_aureolum,0,C,1
smp_1,Haemophilus_parahaemolyticus,0,C,1
smp_1,Haemophilus_sputorum,0,C,1
smp_1,Holdemania_filiformis,0,C,1
smp_1,Ihubacter_massiliensis,0,C,1
smp_1,Ileibacterium_valens,0,C,1
smp_1,Intestinimonas_butyriciproducens,0,C,1
smp_1,Intestinimonas_sp.,0,C,1
smp_1,Joostella_marina,0,C,1
smp_1,Lachnoclostridium_phocaeense,0,C,1
smp_1,Lachnospiraceae_bacterium,0,C,1
smp_1,Lactobacillus_delbrueckii,0,C,1
smp_1,Lactobacillus_mucosae,0,C,1
smp_1,Lactobacillus_vaginalis,0,C,1
smp_1,Leptotrichia_sp.,0,C,1
smp_1,Massiliomicrobiota_timonensis,0,C,1
smp_1,Megasphaera_micronuciformis,0,C,1
smp_1,Micromonas_commoda,0,C,1
smp_1,Mobiluncus_curtisii,0,C,1
smp_1,Monocercomonoides_sp.,0,C,1
smp_1,Mordavella_sp.,0,C,1
smp_1,Murdochiella_asaccharolytica,0,C,1
smp_1,Murdochiella_vaginalis,0,C,1
smp_1,Myrothecium_gramineum,0,C,1
smp_1,Myrothecium_sp.,0,C,1
smp_1,Negativicoccus_succinicivorans,0,C,1
smp_1,Nephroselmis_pyriformis,0,C,1
smp_1,Odoribacter_laneus,0,C,1
smp_1,Odoribacter_splanchnicus,0,C,1
smp_1,Oryza_sativa,0,C,1
smp_1,Oxalobacter_formigenes,0,C,1
smp_1,Parabacteroides_goldsteinii,0,C,1
smp_1,Parabacteroides_johnsonii,3.765,C,1
smp_1,Parabacteroides_merdae,0,C,1
smp_1,Paraphaeosphaeria_neglecta,0,C,1
smp_1,Paraprevotella_xylaniphila,0,C,1
smp_1,Parasutterella_excrementihominis,0,C,1
smp_1,Peptococcus_niger,0,C,1
smp_1,Peptoniphilus_coxii,0,C,1
smp_1,Peptoniphilus_lacrimalis,0,C,1
smp_1,Peptoniphilus_timonensis,0,C,1
smp_1,Peptoniphilus_urinimassiliensis,0,C,1
smp_1,Peptostreptococcus_anaerobius,0,C,1
smp_1,Phalacroma_mitra,0,C,1
smp_1,Polycyclovorans_algicola,0,C,1
smp_1,Porphyromonas_asaccharolytica,0,C,1
smp_1,Porphyromonas_bennonis,0,C,1
smp_1,Porphyromonas_gingivalis,0,C,1
smp_1,Porphyromonas_somerae,0,C,1
smp_1,Prevotella_bergensis,0,C,1
smp_1,Prevotella_bivia,0,C,1
smp_1,Prevotella_buccae,0,C,1
smp_1,Prevotella_buccalis,0,C,1
smp_1,Prevotella_colorans,0,C,1
smp_1,Prevotella_copri,0,C,1
smp_1,Prevotella_denticola,0,C,1
smp_1,Prevotella_disiens,0,C,1
smp_1,Prevotella_histicola,0,C,1
smp_1,Prevotella_melaninogenica,0,C,1
smp_1,Prevotella_oralis,0,C,1
smp_1,Prevotella_shahii,0,C,1
smp_1,Prevotella_stercorea,0,C,1
smp_1,Prevotella_timonensis,0,C,1
smp_1,Prevotellaceae_bacterium,0,C,1
smp_1,Pseudaeromonas_sharmana,0,C,1
smp_1,Pyramidobacter_piscolens,0,C,1
smp_1,Rikenella_microfusus,0,C,1
smp_1,Rikenella_sp.,0,C,1
smp_1,Robinsoniella_peoriensis,0,C,1
smp_1,Roseburia_intestinalis,0,C,1
smp_1,Ruminococcaceae_bacterium,0,C,1
smp_1,Ruminococcus_bicirculans,0,C,1
smp_1,Ruminococcus_champanellensis,0,C,1
smp_1,Ruminococcus_lactaris,0,C,1
smp_1,Ruminococcus_sp.,0,C,1
smp_1,Sanguibacteroides_justesenii,0,C,1
smp_1,Scapharca_broughtonii,0,C,1
smp_1,Scardovia_wiggsiae,0,C,1
smp_1,Sellimonas_intestinalis,0,C,1
smp_1,Sneathia_amnii,0,C,1
smp_1,Spirochaeta_perfilievii,0,C,1
smp_1,Spirochaeta_psychrophila,0,C,1
smp_1,Streptococcus_agalactiae,0,C,1
smp_1,Streptococcus_mutans,0,C,1
smp_1,Streptococcus_salivarius,0,C,1
smp_1,Streptococcus_sobrinus,0,C,1
smp_1,Strombidium_paracapitatum,0,C,1
smp_1,Succinatimonas_hippei,0,C,1
smp_1,Sutterella_sp.,0,C,1
smp_1,Sutterella_wadsworthensis,0,C,1
smp_1,Tannerella_forsythia,0,C,1
smp_1,Tausonia_sp.,0,C,1
smp_1,Veillonella_magna,0,C,1
smp_1,Weissella_diestrammenae,0,C,1
smp_1,[Clostridium]_aldenense,0,C,1
smp_1,[Clostridium]_colinum,0,C,1
smp_1,[Clostridium]_glycyrrhizinilyticum,0,C,1
smp_1,[Clostridium]_hylemonae,0,C,1
smp_1,[Clostridium]_leptum,0,C,1
smp_1,[Clostridium]_scindens,0,C,1
smp_1,[Clostridium]_spiroforme,0,C,1
smp_10,Absiella_argi,0,C,5
smp_10,Absiella_dolichum,0,C,5
smp_10,Acinetobacter_sp.,0,C,5
smp_10,Acinetobacter_ursingii,0,C,5
smp_10,Actinomyces_graevenitzii,0,C,5
smp_10,Actinotignum_schaalii,0,C,5
smp_10,Akkermansia_muciniphila,0,C,5
smp_10,Alistipes_finegoldii,0,C,5
smp_10,Alistipes_indistinctus,0,C,5
smp_10,Alistipes_inops,0,C,5
smp_10,Alistipes_obesi,0,C,5
smp_10,Alistipes_sp.,0,C,5
smp_10,Anaerococcus_hydrogenalis,0,C,5
smp_10,Anaerococcus_vaginalis,0,C,5
smp_10,Anaerofustis_stercorihominis,0,C,5
smp_10,Anaeroglobus_geminatus,0,C,5
smp_10,Anaerostipes_caccae,3.573,C,5
smp_10,Anaerostipes_rhamnosivorans,0,C,5
smp_10,Anaerotruncus_sp.,0,C,5
smp_10,Atopobium_vaginae,0,C,5
smp_10,bacterium_YE57,0,C,5
smp_10,Bacteroidaceae_bacterium,0,C,5
smp_10,Bacteroides_barnesiae,0,C,5
smp_10,Bacteroides_caecigallinarum,0,C,5
smp_10,Bacteroides_clarus,0,C,5
smp_10,Bacteroides_coprocola,0,C,5
smp_10,Bacteroides_coprophilus,0,C,5
smp_10,Bacteroides_eggerthii,0,C,5
smp_10,Bacteroides_finegoldii,0,C,5
smp_10,Bacteroides_massiliensis,0,C,5
smp_10,Bacteroides_sartorii,0,C,5
smp_10,Bacteroides_sp.,0,C,5
smp_10,Bacteroides_stercoris,0,C,5
smp_10,Bacteroides_vulgatus,0.572,C,5
smp_10,Barnesiella_viscericola,0,C,5
smp_10,Bifidobacterium_animalis,0,C,5
smp_10,Bifidobacterium_bifidum,1.313,C,5
smp_10,Bifidobacterium_pullorum,0,C,5
smp_10,Blautia_caecimuris,1.221,C,5
smp_10,Blautia_faecis,0,C,5
smp_10,Blautia_hydrogenotrophica,0,C,5
smp_10,Blautia_sp.,0,C,5
smp_10,Blautia_stercoris,0,C,5
smp_10,Brachyspira_aalborgi,0,C,5
smp_10,Burkholderia_sp.,0,C,5
smp_10,Butyricicoccus_pullicaecorum,0,C,5
smp_10,Butyrivibrio_crossotus,0,C,5
smp_10,Campylobacter_concisus,0,C,5
smp_10,Campylobacter_gracilis,0,C,5
smp_10,Campylobacter_hominis,0,C,5
smp_10,Campylobacter_ureolyticus,0,C,5
smp_10,Candidatus_Babela,0,C,5
smp_10,Candidatus_Fonsibacter,0,C,5
smp_10,Candidatus_Nanopelagicus,0,C,5
smp_10,Candidatus_Stoquefichus,0,C,5
smp_10,Catenibacillus_scindens,0,C,5
smp_10,Christensenella_minuta,0,C,5
smp_10,Chryseobacterium_chaponense,0,C,5
smp_10,Cladosporium_iridis,0,C,5
smp_10,Cloacibacillus_evryensis,0,C,5
smp_10,Clostridiaceae_bacterium,0,C,5
smp_10,Clostridiales_bacterium,0,C,5
smp_10,Clostridium_butyricum,0,C,5
smp_10,Clostridium_paraputrificum,0,C,5
smp_10,Clostridium_perfringens,0,C,5
smp_10,Clostridium_tertium,0,C,5
smp_10,Colletotrichum_nicotianae,0,C,5
smp_10,Collinsella_sp.,0,C,5
smp_10,Collinsella_stercoris,0,C,5
smp_10,Collinsella_tanakaei,0,C,5
smp_10,Coprobacter_secundus,0,C,5
smp_10,Coprococcus_eutactus,0,C,5
smp_10,Corynebacterium_argentoratense,0,C,5
smp_10,Corynebacterium_aurimucosum,0,C,5
smp_10,Corynebacterium_durum,0,C,5
smp_10,Daucus_carota,0,C,5
smp_10,Desulfovibrio_ferrireducens,0,C,5
smp_10,Desulfovibrio_piger,0,C,5
smp_10,Desulfovibrio_sp.,0,C,5
smp_10,Dielma_sp.,0,C,5
smp_10,Eggerthella_sinensis,0,C,5
smp_10,Empedobacter_brevis,0,C,5
smp_10,Eubacteriaceae_bacterium,0,C,5
smp_10,Eubacterium_limosum,0,C,5
smp_10,Eubacterium_ramulus,0,C,5
smp_10,Eubacterium_saphenum,0,C,5
smp_10,Eubacterium_sp.,0,C,5
smp_10,Extibacter_muris,0,C,5
smp_10,Ezakiella_peruensis,0,C,5
smp_10,Faecalicatena_fissicatena,0,C,5
smp_10,Faecalicoccus_pleomorphus,0,C,5
smp_10,Faecalitalea_cylindroides,0,C,5
smp_10,Filimonas_sp.,0,C,5
smp_10,Flavonifractor_plautii,0,C,5
smp_10,Fusobacterium_mortiferum,0,C,5
smp_10,Fusobacterium_necrophorum,0,C,5
smp_10,Gabonibacter_massiliensis,0,C,5
smp_10,Gluconobacter_cerinus,0,C,5
smp_10,Gordonibacter_pamelaeae,0,C,5
smp_10,Gymnodinium_aureolum,0,C,5
smp_10,Haemophilus_parahaemolyticus,0,C,5
smp_10,Haemophilus_sputorum,0,C,5
smp_10,Holdemania_filiformis,0,C,5
smp_10,Ihubacter_massiliensis,0,C,5
smp_10,Ileibacterium_valens,0,C,5
smp_10,Intestinimonas_butyriciproducens,0,C,5
smp_10,Intestinimonas_sp.,0,C,5
smp_10,Joostella_marina,0,C,5
smp_10,Lachnoclostridium_phocaeense,0,C,5
smp_10,Lachnospiraceae_bacterium,0,C,5
smp_10,Lactobacillus_delbrueckii,0,C,5
smp_10,Lactobacillus_mucosae,0,C,5
smp_10,Lactobacillus_vaginalis,0,C,5
smp_10,Leptotrichia_sp.,0,C,5
smp_10,Massiliomicrobiota_timonensis,0,C,5
smp_10,Megasphaera_micronuciformis,0,C,5
smp_10,Micromonas_commoda,0,C,5
smp_10,Mobiluncus_curtisii,0,C,5
smp_10,Monocercomonoides_sp.,0,C,5
smp_10,Mordavella_sp.,0,C,5
smp_10,Murdochiella_asaccharolytica,0,C,5
smp_10,Murdochiella_vaginalis,0,C,5
smp_10,Myrothecium_gramineum,0,C,5
smp_10,Myrothecium_sp.,0,C,5
smp_10,Negativicoccus_succinicivorans,0,C,5
smp_10,Nephroselmis_pyriformis,0,C,5
smp_10,Odoribacter_laneus,0,C,5
smp_10,Odoribacter_splanchnicus,0,C,5
smp_10,Oryza_sativa,0,C,5
smp_10,Oxalobacter_formigenes,0,C,5
smp_10,Parabacteroides_goldsteinii,0,C,5
smp_10,Parabacteroides_johnsonii,0,C,5
smp_10,Parabacteroides_merdae,0,C,5
smp_10,Paraphaeosphaeria_neglecta,0,C,5
smp_10,Paraprevotella_xylaniphila,0,C,5
smp_10,Parasutterella_excrementihominis,0,C,5
smp_10,Peptococcus_niger,0,C,5
smp_10,Peptoniphilus_coxii,0,C,5
smp_10,Peptoniphilus_lacrimalis,0,C,5
smp_10,Peptoniphilus_timonensis,0,C,5
smp_10,Peptoniphilus_urinimassiliensis,0,C,5
smp_10,Peptostreptococcus_anaerobius,0,C,5
smp_10,Phalacroma_mitra,0,C,5
smp_10,Polycyclovorans_algicola,0,C,5
smp_10,Porphyromonas_asaccharolytica,0,C,5
smp_10,Porphyromonas_bennonis,0,C,5
smp_10,Porphyromonas_gingivalis,0,C,5
smp_10,Porphyromonas_somerae,0,C,5
smp_10,Prevotella_bergensis,0,C,5
smp_10,Prevotella_bivia,0,C,5
smp_10,Prevotella_buccae,0,C,5
smp_10,Prevotella_buccalis,0,C,5
smp_10,Prevotella_colorans,0,C,5
smp_10,Prevotella_copri,0,C,5
smp_10,Prevotella_denticola,0,C,5
smp_10,Prevotella_disiens,0,C,5
smp_10,Prevotella_histicola,0,C,5
smp_10,Prevotella_melaninogenica,0,C,5
smp_10,Prevotella_oralis,0,C,5
smp_10,Prevotella_shahii,0,C,5
smp_10,Prevotella_stercorea,0,C,5
smp_10,Prevotella_timonensis,0,C,5
smp_10,Prevotellaceae_bacterium,0,C,5
smp_10,Pseudaeromonas_sharmana,0,C,5
smp_10,Pyramidobacter_piscolens,0,C,5
smp_10,Rikenella_microfusus,0,C,5
smp_10,Rikenella_sp.,0,C,5
smp_10,Robinsoniella_peoriensis,0,C,5
smp_10,Roseburia_intestinalis,0,C,5
smp_10,Ruminococcaceae_bacterium,0,C,5
smp_10,Ruminococcus_bicirculans,0,C,5
smp_10,Ruminococcus_champanellensis,0,C,5
smp_10,Ruminococcus_lactaris,0,C,5
smp_10,Ruminococcus_sp.,0,C,5
smp_10,Sanguibacteroides_justesenii,0,C,5
smp_10,Scapharca_broughtonii,0,C,5
smp_10,Scardovia_wiggsiae,0,C,5
smp_10,Sellimonas_intestinalis,0,C,5
smp_10,Sneathia_amnii,0,C,5
smp_10,Spirochaeta_perfilievii,0,C,5
smp_10,Spirochaeta_psychrophila,0,C,5
smp_10,Streptococcus_agalactiae,0,C,5
smp_10,Streptococcus_mutans,0,C,5
smp_10,Streptococcus_salivarius,0,C,5
smp_10,Streptococcus_sobrinus,0,C,5
smp_10,Strombidium_paracapitatum,0,C,5
smp_10,Succinatimonas_hippei,0,C,5
smp_10,Sutterella_sp.,0,C,5
smp_10,Sutterella_wadsworthensis,0,C,5
smp_10,Tannerella_forsythia,0,C,5
smp_10,Tausonia_sp.,0,C,5
smp_10,Veillonella_magna,0,C,5
smp_10,Weissella_diestrammenae,0,C,5
smp_10,[Clostridium]_aldenense,0,C,5
smp_10,[Clostridium]_colinum,0,C,5
smp_10,[Clostridium]_glycyrrhizinilyticum,0,C,5
smp_10,[Clostridium]_hylemonae,0,C,5
smp_10,[Clostridium]_leptum,0,C,5
smp_10,[Clostridium]_scindens,0,C,5
smp_10,[Clostridium]_spiroforme,0,C,5
smp_2,Absiella_argi,2.554,M,2
smp_2,Absiella_dolichum,0,M,2
smp_2,Acinetobacter_sp.,0,M,2
smp_2,Acinetobacter_ursingii,0,M,2
smp_2,Actinomyces_graevenitzii,0,M,2
smp_2,Actinotignum_schaalii,0,M,2
smp_2,Akkermansia_muciniphila,0,M,2
smp_2,Alistipes_finegoldii,1.763,M,2
smp_2,Alistipes_indistinctus,1.132,M,2
smp_2,Alistipes_inops,0,M,2
smp_2,Alistipes_obesi,0,M,2
smp_2,Alistipes_sp.,0,M,2
smp_2,Anaerococcus_hydrogenalis,0,M,2
smp_2,Anaerococcus_vaginalis,0,M,2
smp_2,Anaerofustis_stercorihominis,0,M,2
smp_2,Anaeroglobus_geminatus,0,M,2
smp_2,Anaerostipes_caccae,0,M,2
smp_2,Anaerostipes_rhamnosivorans,0,M,2
smp_2,Anaerotruncus_sp.,1.022,M,2
smp_2,Atopobium_vaginae,0,M,2
smp_2,bacterium_YE57,1.459,M,2
smp_2,Bacteroidaceae_bacterium,0,M,2
smp_2,Bacteroides_barnesiae,0,M,2
smp_2,Bacteroides_caecigallinarum,0,M,2
smp_2,Bacteroides_clarus,0,M,2
smp_2,Bacteroides_coprocola,0,M,2
smp_2,Bacteroides_coprophilus,0,M,2
smp_2,Bacteroides_eggerthii,0,M,2
smp_2,Bacteroides_finegoldii,0,M,2
smp_2,Bacteroides_massiliensis,0,M,2
smp_2,Bacteroides_sartorii,0,M,2
smp_2,Bacteroides_sp.,0,M,2
smp_2,Bacteroides_stercoris,0,M,2
smp_2,Bacteroides_vulgatus,0.491,M,2
smp_2,Barnesiella_viscericola,0,M,2
smp_2,Bifidobacterium_animalis,0,M,2
smp_2,Bifidobacterium_bifidum,0,M,2
smp_2,Bifidobacterium_pullorum,0,M,2
smp_2,Blautia_caecimuris,0.721,M,2
smp_2,Blautia_faecis,0.233,M,2
smp_2,Blautia_hydrogenotrophica,0,M,2
smp_2,Blautia_sp.,0,M,2
smp_2,Blautia_stercoris,0,M,2
smp_2,Brachyspira_aalborgi,0,M,2
smp_2,Burkholderia_sp.,0,M,2
smp_2,Butyricicoccus_pullicaecorum,0,M,2
smp_2,Butyrivibrio_crossotus,0,M,2
smp_2,Campylobacter_concisus,0,M,2
smp_2,Campylobacter_gracilis,0,M,2
smp_2,Campylobacter_hominis,0,M,2
smp_2,Campylobacter_ureolyticus,0,M,2
smp_2,Candidatus_Babela,0,M,2
smp_2,Candidatus_Fonsibacter,0,M,2
smp_2,Candidatus_Nanopelagicus,0,M,2
smp_2,Candidatus_Stoquefichus,0,M,2
smp_2,Catenibacillus_scindens,0,M,2
smp_2,Christensenella_minuta,0,M,2
smp_2,Chryseobacterium_chaponense,0,M,2
smp_2,Cladosporium_iridis,0,M,2
smp_2,Cloacibacillus_evryensis,0,M,2
smp_2,Clostridiaceae_bacterium,1.364,M,2
smp_2,Clostridiales_bacterium,0,M,2
smp_2,Clostridium_butyricum,0,M,2
smp_2,Clostridium_paraputrificum,0,M,2
smp_2,Clostridium_perfringens,0,M,2
smp_2,Clostridium_tertium,0,M,2
smp_2,Colletotrichum_nicotianae,0,M,2
smp_2,Collinsella_sp.,0,M,2
smp_2,Collinsella_stercoris,0,M,2
smp_2,Collinsella_tanakaei,0,M,2
smp_2,Coprobacter_secundus,0,M,2
smp_2,Coprococcus_eutactus,0,M,2
smp_2,Corynebacterium_argentoratense,0,M,2
smp_2,Corynebacterium_aurimucosum,0,M,2
smp_2,Corynebacterium_durum,0,M,2
smp_2,Daucus_carota,0,M,2
smp_2,Desulfovibrio_ferrireducens,0,M,2
smp_2,Desulfovibrio_piger,0,M,2
smp_2,Desulfovibrio_sp.,0,M,2
smp_2,Dielma_sp.,0,M,2
smp_2,Eggerthella_sinensis,0,M,2
smp_2,Empedobacter_brevis,0,M,2
smp_2,Eubacteriaceae_bacterium,0,M,2
smp_2,Eubacterium_limosum,0,M,2
smp_2,Eubacterium_ramulus,0,M,2
smp_2,Eubacterium_saphenum,0,M,2
smp_2,Eubacterium_sp.,0,M,2
smp_2,Extibacter_muris,0,M,2
smp_2,Ezakiella_peruensis,0,M,2
smp_2,Faecalicatena_fissicatena,0,M,2
smp_2,Faecalicoccus_pleomorphus,0,M,2
smp_2,Faecalitalea_cylindroides,0,M,2
smp_2,Filimonas_sp.,0,M,2
smp_2,Flavonifractor_plautii,0,M,2
smp_2,Fusobacterium_mortiferum,0,M,2
smp_2,Fusobacterium_necrophorum,0,M,2
smp_2,Gabonibacter_massiliensis,0,M,2
smp_2,Gluconobacter_cerinus,0,M,2
smp_2,Gordonibacter_pamelaeae,0,M,2
smp_2,Gymnodinium_aureolum,0,M,2
smp_2,Haemophilus_parahaemolyticus,0,M,2
smp_2,Haemophilus_sputorum,0,M,2
smp_2,Holdemania_filiformis,0,M,2
smp_2,Ihubacter_massiliensis,0,M,2
smp_2,Ileibacterium_valens,0,M,2
smp_2,Intestinimonas_butyriciproducens,2.595,M,2
smp_2,Intestinimonas_sp.,0,M,2
smp_2,Joostella_marina,0,M,2
smp_2,Lachnoclostridium_phocaeense,0,M,2
smp_2,Lachnospiraceae_bacterium,0,M,2
smp_2,Lactobacillus_delbrueckii,0,M,2
smp_2,Lactobacillus_mucosae,0,M,2
smp_2,Lactobacillus_vaginalis,0,M,2
smp_2,Leptotrichia_sp.,0,M,2
smp_2,Massiliomicrobiota_timonensis,0.901,M,2
smp_2,Megasphaera_micronuciformis,0,M,2
smp_2,Micromonas_commoda,0,M,2
smp_2,Mobiluncus_curtisii,0,M,2
smp_2,Monocercomonoides_sp.,0,M,2
smp_2,Mordavella_sp.,0,M,2
smp_2,Murdochiella_asaccharolytica,0,M,2
smp_2,Murdochiella_vaginalis,0,M,2
smp_2,Myrothecium_gramineum,0,M,2
smp_2,Myrothecium_sp.,0,M,2
smp_2,Negativicoccus_succinicivorans,0,M,2
smp_2,Nephroselmis_pyriformis,0,M,2
smp_2,Odoribacter_laneus,0,M,2
smp_2,Odoribacter_splanchnicus,0,M,2
smp_2,Oryza_sativa,0,M,2
smp_2,Oxalobacter_formigenes,0,M,2
smp_2,Parabacteroides_goldsteinii,0,M,2
smp_2,Parabacteroides_johnsonii,0,M,2
smp_2,Parabacteroides_merdae,0,M,2
smp_2,Paraphaeosphaeria_neglecta,0,M,2
smp_2,Paraprevotella_xylaniphila,0,M,2
smp_2,Parasutterella_excrementihominis,0,M,2
smp_2,Peptococcus_niger,0,M,2
smp_2,Peptoniphilus_coxii,0,M,2
smp_2,Peptoniphilus_lacrimalis,0,M,2
smp_2,Peptoniphilus_timonensis,0,M,2
smp_2,Peptoniphilus_urinimassiliensis,0,M,2
smp_2,Peptostreptococcus_anaerobius,0,M,2
smp_2,Phalacroma_mitra,0,M,2
smp_2,Polycyclovorans_algicola,0,M,2
smp_2,Porphyromonas_asaccharolytica,0,M,2
smp_2,Porphyromonas_bennonis,0,M,2
smp_2,Porphyromonas_gingivalis,0,M,2
smp_2,Porphyromonas_somerae,0,M,2
smp_2,Prevotella_bergensis,0,M,2
smp_2,Prevotella_bivia,0,M,2
smp_2,Prevotella_buccae,0,M,2
smp_2,Prevotella_buccalis,0,M,2
smp_2,Prevotella_colorans,0,M,2
smp_2,Prevotella_copri,0,M,2
smp_2,Prevotella_denticola,0,M,2
smp_2,Prevotella_disiens,0,M,2
smp_2,Prevotella_histicola,0,M,2
smp_2,Prevotella_melaninogenica,0,M,2
smp_2,Prevotella_oralis,0,M,2
smp_2,Prevotella_shahii,0,M,2
smp_2,Prevotella_stercorea,0,M,2
smp_2,Prevotella_timonensis,0,M,2
smp_2,Prevotellaceae_bacterium,0,M,2
smp_2,Pseudaeromonas_sharmana,0,M,2
smp_2,Pyramidobacter_piscolens,0,M,2
smp_2,Rikenella_microfusus,0,M,2
smp_2,Rikenella_sp.,0,M,2
smp_2,Robinsoniella_peoriensis,0,M,2
smp_2,Roseburia_intestinalis,0.293,M,2
smp_2,Ruminococcaceae_bacterium,0,M,2
smp_2,Ruminococcus_bicirculans,0,M,2
smp_2,Ruminococcus_champanellensis,0,M,2
smp_2,Ruminococcus_lactaris,1.332,M,2
smp_2,Ruminococcus_sp.,0,M,2
smp_2,Sanguibacteroides_justesenii,0,M,2
smp_2,Scapharca_broughtonii,0,M,2
smp_2,Scardovia_wiggsiae,0,M,2
smp_2,Sellimonas_intestinalis,0,M,2
smp_2,Sneathia_amnii,0,M,2
smp_2,Spirochaeta_perfilievii,0,M,2
smp_2,Spirochaeta_psychrophila,0,M,2
smp_2,Streptococcus_agalactiae,0,M,2
smp_2,Streptococcus_mutans,0,M,2
smp_2,Streptococcus_salivarius,0,M,2
smp_2,Streptococcus_sobrinus,0,M,2
smp_2,Strombidium_paracapitatum,0,M,2
smp_2,Succinatimonas_hippei,0,M,2
smp_2,Sutterella_sp.,0,M,2
smp_2,Sutterella_wadsworthensis,0,M,2
smp_2,Tannerella_forsythia,0,M,2
smp_2,Tausonia_sp.,0,M,2
smp_2,Veillonella_magna,0,M,2
smp_2,Weissella_diestrammenae,0,M,2
smp_2,[Clostridium]_aldenense,0,M,2
smp_2,[Clostridium]_colinum,0,M,2
smp_2,[Clostridium]_glycyrrhizinilyticum,0.915,M,2
smp_2,[Clostridium]_hylemonae,0,M,2
smp_2,[Clostridium]_leptum,1.091,M,2
smp_2,[Clostridium]_scindens,0,M,2
smp_2,[Clostridium]_spiroforme,5.567,M,2
smp_3,Absiella_argi,0,C,2
smp_3,Absiella_dolichum,0,C,2
smp_3,Acinetobacter_sp.,0,C,2
smp_3,Acinetobacter_ursingii,0,C,2
smp_3,Actinomyces_graevenitzii,0,C,2
smp_3,Actinotignum_schaalii,0,C,2
smp_3,Akkermansia_muciniphila,0,C,2
smp_3,Alistipes_finegoldii,1.228,C,2
smp_3,Alistipes_indistinctus,0,C,2
smp_3,Alistipes_inops,0,C,2
smp_3,Alistipes_obesi,0,C,2
smp_3,Alistipes_sp.,0,C,2
smp_3,Anaerococcus_hydrogenalis,0,C,2
smp_3,Anaerococcus_vaginalis,0,C,2
smp_3,Anaerofustis_stercorihominis,0,C,2
smp_3,Anaeroglobus_geminatus,0,C,2
smp_3,Anaerostipes_caccae,0,C,2
smp_3,Anaerostipes_rhamnosivorans,0,C,2
smp_3,Anaerotruncus_sp.,0,C,2
smp_3,Atopobium_vaginae,0,C,2
smp_3,bacterium_YE57,0,C,2
smp_3,Bacteroidaceae_bacterium,0,C,2
smp_3,Bacteroides_barnesiae,0,C,2
smp_3,Bacteroides_caecigallinarum,0,C,2
smp_3,Bacteroides_clarus,0,C,2
smp_3,Bacteroides_coprocola,1.01,C,2
smp_3,Bacteroides_coprophilus,0,C,2
smp_3,Bacteroides_eggerthii,0,C,2
smp_3,Bacteroides_finegoldii,0,C,2
smp_3,Bacteroides_massiliensis,0,C,2
smp_3,Bacteroides_sartorii,0,C,2
smp_3,Bacteroides_sp.,0,C,2
smp_3,Bacteroides_stercoris,0,C,2
smp_3,Bacteroides_vulgatus,0,C,2
smp_3,Barnesiella_viscericola,6.65,C,2
smp_3,Bifidobacterium_animalis,0,C,2
smp_3,Bifidobacterium_bifidum,0,C,2
smp_3,Bifidobacterium_pullorum,0,C,2
smp_3,Blautia_caecimuris,0,C,2
smp_3,Blautia_faecis,0.289,C,2
smp_3,Blautia_hydrogenotrophica,0,C,2
smp_3,Blautia_sp.,0,C,2
smp_3,Blautia_stercoris,0,C,2
smp_3,Brachyspira_aalborgi,0,C,2
smp_3,Burkholderia_sp.,0,C,2
smp_3,Butyricicoccus_pullicaecorum,0,C,2
smp_3,Butyrivibrio_crossotus,0,C,2
smp_3,Campylobacter_concisus,0,C,2
smp_3,Campylobacter_gracilis,0,C,2
smp_3,Campylobacter_hominis,0,C,2
smp_3,Campylobacter_ureolyticus,0,C,2
smp_3,Candidatus_Babela,0,C,2
smp_3,Candidatus_Fonsibacter,0,C,2
smp_3,Candidatus_Nanopelagicus,0,C,2
smp_3,Candidatus_Stoquefichus,0,C,2
smp_3,Catenibacillus_scindens,0,C,2
smp_3,Christensenella_minuta,0,C,2
smp_3,Chryseobacterium_chaponense,0,C,2
smp_3,Cladosporium_iridis,0,C,2
smp_3,Cloacibacillus_evryensis,0,C,2
smp_3,Clostridiaceae_bacterium,0,C,2
smp_3,Clostridiales_bacterium,0,C,2
smp_3,Clostridium_butyricum,0,C,2
smp_3,Clostridium_paraputrificum,0,C,2
smp_3,Clostridium_perfringens,0,C,2
smp_3,Clostridium_tertium,0,C,2
smp_3,Colletotrichum_nicotianae,6.427,C,2
smp_3,Collinsella_sp.,0,C,2
smp_3,Collinsella_stercoris,0,C,2
smp_3,Collinsella_tanakaei,0,C,2
smp_3,Coprobacter_secundus,0,C,2
smp_3,Coprococcus_eutactus,0,C,2
smp_3,Corynebacterium_argentoratense,0,C,2
smp_3,Corynebacterium_aurimucosum,0,C,2
smp_3,Corynebacterium_durum,0,C,2
smp_3,Daucus_carota,0,C,2
smp_3,Desulfovibrio_ferrireducens,0,C,2
smp_3,Desulfovibrio_piger,0,C,2
smp_3,Desulfovibrio_sp.,1.597,C,2
smp_3,Dielma_sp.,0,C,2
smp_3,Eggerthella_sinensis,0,C,2
smp_3,Empedobacter_brevis,0,C,2
smp_3,Eubacteriaceae_bacterium,0,C,2
smp_3,Eubacterium_limosum,0,C,2
smp_3,Eubacterium_ramulus,0,C,2
smp_3,Eubacterium_saphenum,0,C,2
smp_3,Eubacterium_sp.,0,C,2
smp_3,Extibacter_muris,0,C,2
smp_3,Ezakiella_peruensis,0,C,2
smp_3,Faecalicatena_fissicatena,0,C,2
smp_3,Faecalicoccus_pleomorphus,0,C,2
smp_3,Faecalitalea_cylindroides,0,C,2
smp_3,Filimonas_sp.,0,C,2
smp_3,Flavonifractor_plautii,0,C,2
smp_3,Fusobacterium_mortiferum,0,C,2
smp_3,Fusobacterium_necrophorum,0,C,2
smp_3,Gabonibacter_massiliensis,0,C,2
smp_3,Gluconobacter_cerinus,0,C,2
smp_3,Gordonibacter_pamelaeae,0,C,2
smp_3,Gymnodinium_aureolum,0,C,2
smp_3,Haemophilus_parahaemolyticus,0,C,2
smp_3,Haemophilus_sputorum,0,C,2
smp_3,Holdemania_filiformis,0,C,2
smp_3,Ihubacter_massiliensis,0,C,2
smp_3,Ileibacterium_valens,0,C,2
smp_3,Intestinimonas_butyriciproducens,0,C,2
smp_3,Intestinimonas_sp.,0,C,2
smp_3,Joostella_marina,0,C,2
smp_3,Lachnoclostridium_phocaeense,0,C,2
smp_3,Lachnospiraceae_bacterium,0.734,C,2
smp_3,Lactobacillus_delbrueckii,0,C,2
smp_3,Lactobacillus_mucosae,0,C,2
smp_3,Lactobacillus_vaginalis,0,C,2
smp_3,Leptotrichia_sp.,0,C,2
smp_3,Massiliomicrobiota_timonensis,0,C,2
smp_3,Megasphaera_micronuciformis,0,C,2
smp_3,Micromonas_commoda,0,C,2
smp_3,Mobiluncus_curtisii,0,C,2
smp_3,Monocercomonoides_sp.,0,C,2
smp_3,Mordavella_sp.,0,C,2
smp_3,Murdochiella_asaccharolytica,0,C,2
smp_3,Murdochiella_vaginalis,0,C,2
smp_3,Myrothecium_gramineum,0,C,2
smp_3,Myrothecium_sp.,0,C,2
smp_3,Negativicoccus_succinicivorans,0,C,2
smp_3,Nephroselmis_pyriformis,0,C,2
smp_3,Odoribacter_laneus,0,C,2
smp_3,Odoribacter_splanchnicus,0,C,2
smp_3,Oryza_sativa,0,C,2
smp_3,Oxalobacter_formigenes,0,C,2
smp_3,Parabacteroides_goldsteinii,0,C,2
smp_3,Parabacteroides_johnsonii,0,C,2
smp_3,Parabacteroides_merdae,0,C,2
smp_3,Paraphaeosphaeria_neglecta,0,C,2
smp_3,Paraprevotella_xylaniphila,0,C,2
smp_3,Parasutterella_excrementihominis,0,C,2
smp_3,Peptococcus_niger,0,C,2
smp_3,Peptoniphilus_coxii,0,C,2
smp_3,Peptoniphilus_lacrimalis,0,C,2
smp_3,Peptoniphilus_timonensis,0,C,2
smp_3,Peptoniphilus_urinimassiliensis,0,C,2
smp_3,Peptostreptococcus_anaerobius,0,C,2
smp_3,Phalacroma_mitra,0,C,2
smp_3,Polycyclovorans_algicola,0,C,2
smp_3,Porphyromonas_asaccharolytica,0,C,2
smp_3,Porphyromonas_bennonis,0,C,2
smp_3,Porphyromonas_gingivalis,0,C,2
smp_3,Porphyromonas_somerae,0,C,2
smp_3,Prevotella_bergensis,0,C,2
smp_3,Prevotella_bivia,0,C,2
smp_3,Prevotella_buccae,0,C,2
smp_3,Prevotella_buccalis,0,C,2
smp_3,Prevotella_colorans,0,C,2
smp_3,Prevotella_copri,0,C,2
smp_3,Prevotella_denticola,0,C,2
smp_3,Prevotella_disiens,0,C,2
smp_3,Prevotella_histicola,0,C,2
smp_3,Prevotella_melaninogenica,0,C,2
smp_3,Prevotella_oralis,0,C,2
smp_3,Prevotella_shahii,0,C,2
smp_3,Prevotella_stercorea,0,C,2
smp_3,Prevotella_timonensis,0,C,2
smp_3,Prevotellaceae_bacterium,0,C,2
smp_3,Pseudaeromonas_sharmana,0,C,2
smp_3,Pyramidobacter_piscolens,0,C,2
smp_3,Rikenella_microfusus,0,C,2
smp_3,Rikenella_sp.,0,C,2
smp_3,Robinsoniella_peoriensis,0,C,2
smp_3,Roseburia_intestinalis,0,C,2
smp_3,Ruminococcaceae_bacterium,0,C,2
smp_3,Ruminococcus_bicirculans,0.378,C,2
smp_3,Ruminococcus_champanellensis,0,C,2
smp_3,Ruminococcus_lactaris,0,C,2
smp_3,Ruminococcus_sp.,0,C,2
smp_3,Sanguibacteroides_justesenii,0,C,2
smp_3,Scapharca_broughtonii,0,C,2
smp_3,Scardovia_wiggsiae,0,C,2
smp_3,Sellimonas_intestinalis,0,C,2
smp_3,Sneathia_amnii,0,C,2
smp_3,Spirochaeta_perfilievii,0,C,2
smp_3,Spirochaeta_psychrophila,0,C,2
smp_3,Streptococcus_agalactiae,0,C,2
smp_3,Streptococcus_mutans,0,C,2
smp_3,Streptococcus_salivarius,0,C,2
smp_3,Streptococcus_sobrinus,0,C,2
smp_3,Strombidium_paracapitatum,0,C,2
smp_3,Succinatimonas_hippei,0,C,2
smp_3,Sutterella_sp.,0,C,2
smp_3,Sutterella_wadsworthensis,0,C,2
smp_3,Tannerella_forsythia,0,C,2
smp_3,Tausonia_sp.,0,C,2
smp_3,Veillonella_magna,0,C,2
smp_3,Weissella_diestrammenae,0,C,2
smp_3,[Clostridium]_aldenense,0,C,2
smp_3,[Clostridium]_colinum,0,C,2
smp_3,[Clostridium]_glycyrrhizinilyticum,0,C,2
smp_3,[Clostridium]_hylemonae,0,C,2
smp_3,[Clostridium]_leptum,0,C,2
smp_3,[Clostridium]_scindens,0,C,2
smp_3,[Clostridium]_spiroforme,0,C,2
smp_4,Absiella_argi,0,C,5
smp_4,Absiella_dolichum,0,C,5
smp_4,Acinetobacter_sp.,0,C,5
smp_4,Acinetobacter_ursingii,0,C,5
smp_4,Actinomyces_graevenitzii,0,C,5
smp_4,Actinotignum_schaalii,0,C,5
smp_4,Akkermansia_muciniphila,0,C,5
smp_4,Alistipes_finegoldii,1.681,C,5
smp_4,Alistipes_indistinctus,0,C,5
smp_4,Alistipes_inops,0,C,5
smp_4,Alistipes_obesi,1.253,C,5
smp_4,Alistipes_sp.,0,C,5
smp_4,Anaerococcus_hydrogenalis,0,C,5
smp_4,Anaerococcus_vaginalis,0,C,5
smp_4,Anaerofustis_stercorihominis,0,C,5
smp_4,Anaeroglobus_geminatus,0,C,5
smp_4,Anaerostipes_caccae,0,C,5
smp_4,Anaerostipes_rhamnosivorans,0,C,5
smp_4,Anaerotruncus_sp.,0,C,5
smp_4,Atopobium_vaginae,0,C,5
smp_4,bacterium_YE57,0,C,5
smp_4,Bacteroidaceae_bacterium,0,C,5
smp_4,Bacteroides_barnesiae,0,C,5
smp_4,Bacteroides_caecigallinarum,0,C,5
smp_4,Bacteroides_clarus,0,C,5
smp_4,Bacteroides_coprocola,0,C,5
smp_4,Bacteroides_coprophilus,0,C,5
smp_4,Bacteroides_eggerthii,0,C,5
smp_4,Bacteroides_finegoldii,4.626,C,5
smp_4,Bacteroides_massiliensis,0,C,5
smp_4,Bacteroides_sartorii,0,C,5
smp_4,Bacteroides_sp.,0,C,5
smp_4,Bacteroides_stercoris,0.657,C,5
smp_4,Bacteroides_vulgatus,0,C,5
smp_4,Barnesiella_viscericola,0,C,5
smp_4,Bifidobacterium_animalis,0,C,5
smp_4,Bifidobacterium_bifidum,0,C,5
smp_4,Bifidobacterium_pullorum,0,C,5
smp_4,Blautia_caecimuris,0,C,5
smp_4,Blautia_faecis,0.296,C,5
smp_4,Blautia_hydrogenotrophica,0,C,5
smp_4,Blautia_sp.,0,C,5
smp_4,Blautia_stercoris,0,C,5
smp_4,Brachyspira_aalborgi,0,C,5
smp_4,Burkholderia_sp.,0,C,5
smp_4,Butyricicoccus_pullicaecorum,0,C,5
smp_4,Butyrivibrio_crossotus,0,C,5
smp_4,Campylobacter_concisus,0,C,5
smp_4,Campylobacter_gracilis,0,C,5
smp_4,Campylobacter_hominis,0,C,5
smp_4,Campylobacter_ureolyticus,0,C,5
smp_4,Candidatus_Babela,0,C,5
smp_4,Candidatus_Fonsibacter,0,C,5
smp_4,Candidatus_Nanopelagicus,0,C,5
smp_4,Candidatus_Stoquefichus,0,C,5
smp_4,Catenibacillus_scindens,0,C,5
smp_4,Christensenella_minuta,0,C,5
smp_4,Chryseobacterium_chaponense,0,C,5
smp_4,Cladosporium_iridis,0,C,5
smp_4,Cloacibacillus_evryensis,0,C,5
smp_4,Clostridiaceae_bacterium,0,C,5
smp_4,Clostridiales_bacterium,0,C,5
smp_4,Clostridium_butyricum,0,C,5
smp_4,Clostridium_paraputrificum,0,C,5
smp_4,Clostridium_perfringens,0,C,5
smp_4,Clostridium_tertium,0,C,5
smp_4,Colletotrichum_nicotianae,0,C,5
smp_4,Collinsella_sp.,0,C,5
smp_4,Collinsella_stercoris,0,C,5
smp_4,Collinsella_tanakaei,0,C,5
smp_4,Coprobacter_secundus,0,C,5
smp_4,Coprococcus_eutactus,0,C,5
smp_4,Corynebacterium_argentoratense,0,C,5
smp_4,Corynebacterium_aurimucosum,0,C,5
smp_4,Corynebacterium_durum,0,C,5
smp_4,Daucus_carota,0,C,5
smp_4,Desulfovibrio_ferrireducens,0,C,5
smp_4,Desulfovibrio_piger,0,C,5
smp_4,Desulfovibrio_sp.,0,C,5
smp_4,Dielma_sp.,0,C,5
smp_4,Eggerthella_sinensis,0,C,5
smp_4,Empedobacter_brevis,0,C,5
smp_4,Eubacteriaceae_bacterium,0,C,5
smp_4,Eubacterium_limosum,0,C,5
smp_4,Eubacterium_ramulus,0,C,5
smp_4,Eubacterium_saphenum,0,C,5
smp_4,Eubacterium_sp.,0,C,5
smp_4,Extibacter_muris,0,C,5
smp_4,Ezakiella_peruensis,0,C,5
smp_4,Faecalicatena_fissicatena,0,C,5
smp_4,Faecalicoccus_pleomorphus,0,C,5
smp_4,Faecalitalea_cylindroides,0,C,5
smp_4,Filimonas_sp.,0,C,5
smp_4,Flavonifractor_plautii,0,C,5
smp_4,Fusobacterium_mortiferum,0,C,5
smp_4,Fusobacterium_necrophorum,0,C,5
smp_4,Gabonibacter_massiliensis,0,C,5
smp_4,Gluconobacter_cerinus,0,C,5
smp_4,Gordonibacter_pamelaeae,0,C,5
smp_4,Gymnodinium_aureolum,0,C,5
smp_4,Haemophilus_parahaemolyticus,0,C,5
smp_4,Haemophilus_sputorum,0,C,5
smp_4,Holdemania_filiformis,0.888,C,5
smp_4,Ihubacter_massiliensis,0,C,5
smp_4,Ileibacterium_valens,0,C,5
smp_4,Intestinimonas_butyriciproducens,0,C,5
smp_4,Intestinimonas_sp.,0,C,5
smp_4,Joostella_marina,0,C,5
smp_4,Lachnoclostridium_phocaeense,0,C,5
smp_4,Lachnospiraceae_bacterium,0.828,C,5
smp_4,Lactobacillus_delbrueckii,0,C,5
smp_4,Lactobacillus_mucosae,0,C,5
smp_4,Lactobacillus_vaginalis,0,C,5
smp_4,Leptotrichia_sp.,0,C,5
smp_4,Massiliomicrobiota_timonensis,0,C,5
smp_4,Megasphaera_micronuciformis,0,C,5
smp_4,Micromonas_commoda,0,C,5
smp_4,Mobiluncus_curtisii,0,C,5
smp_4,Monocercomonoides_sp.,0,C,5
smp_4,Mordavella_sp.,0,C,5
smp_4,Murdochiella_asaccharolytica,0,C,5
smp_4,Murdochiella_vaginalis,0,C,5
smp_4,Myrothecium_gramineum,0,C,5
smp_4,Myrothecium_sp.,0,C,5
smp_4,Negativicoccus_succinicivorans,0,C,5
smp_4,Nephroselmis_pyriformis,0,C,5
smp_4,Odoribacter_laneus,0,C,5
smp_4,Odoribacter_splanchnicus,0.821,C,5
smp_4,Oryza_sativa,0,C,5
smp_4,Oxalobacter_formigenes,0,C,5
smp_4,Parabacteroides_goldsteinii,0,C,5
smp_4,Parabacteroides_johnsonii,1.876,C,5
smp_4,Parabacteroides_merdae,0,C,5
smp_4,Paraphaeosphaeria_neglecta,0,C,5
smp_4,Paraprevotella_xylaniphila,0,C,5
smp_4,Parasutterella_excrementihominis,0,C,5
smp_4,Peptococcus_niger,0,C,5
smp_4,Peptoniphilus_coxii,0,C,5
smp_4,Peptoniphilus_lacrimalis,0,C,5
smp_4,Peptoniphilus_timonensis,0,C,5
smp_4,Peptoniphilus_urinimassiliensis,0,C,5
smp_4,Peptostreptococcus_anaerobius,0,C,5
smp_4,Phalacroma_mitra,0,C,5
smp_4,Polycyclovorans_algicola,0,C,5
smp_4,Porphyromonas_asaccharolytica,0,C,5
smp_4,Porphyromonas_bennonis,0,C,5
smp_4,Porphyromonas_gingivalis,0,C,5
smp_4,Porphyromonas_somerae,0,C,5
smp_4,Prevotella_bergensis,0,C,5
smp_4,Prevotella_bivia,0,C,5
smp_4,Prevotella_buccae,0,C,5
smp_4,Prevotella_buccalis,0,C,5
smp_4,Prevotella_colorans,0,C,5
smp_4,Prevotella_copri,0,C,5
smp_4,Prevotella_denticola,0,C,5
smp_4,Prevotella_disiens,0,C,5
smp_4,Prevotella_histicola,0,C,5
smp_4,Prevotella_melaninogenica,0,C,5
smp_4,Prevotella_oralis,0,C,5
smp_4,Prevotella_shahii,0,C,5
smp_4,Prevotella_stercorea,0,C,5
smp_4,Prevotella_timonensis,0,C,5
smp_4,Prevotellaceae_bacterium,0,C,5
smp_4,Pseudaeromonas_sharmana,0,C,5
smp_4,Pyramidobacter_piscolens,0,C,5
smp_4,Rikenella_microfusus,0,C,5
smp_4,Rikenella_sp.,0,C,5
smp_4,Robinsoniella_peoriensis,0,C,5
smp_4,Roseburia_intestinalis,0.865,C,5
smp_4,Ruminococcaceae_bacterium,0,C,5
smp_4,Ruminococcus_bicirculans,0.479,C,5
smp_4,Ruminococcus_champanellensis,0,C,5
smp_4,Ruminococcus_lactaris,0.738,C,5
smp_4,Ruminococcus_sp.,0,C,5
smp_4,Sanguibacteroides_justesenii,0,C,5
smp_4,Scapharca_broughtonii,0,C,5
smp_4,Scardovia_wiggsiae,0,C,5
smp_4,Sellimonas_intestinalis,0,C,5
smp_4,Sneathia_amnii,0,C,5
smp_4,Spirochaeta_perfilievii,0,C,5
smp_4,Spirochaeta_psychrophila,0,C,5
smp_4,Streptococcus_agalactiae,0,C,5
smp_4,Streptococcus_mutans,0,C,5
smp_4,Streptococcus_salivarius,0,C,5
smp_4,Streptococcus_sobrinus,0,C,5
smp_4,Strombidium_paracapitatum,0,C,5
smp_4,Succinatimonas_hippei,0,C,5
smp_4,Sutterella_sp.,0,C,5
smp_4,Sutterella_wadsworthensis,0,C,5
smp_4,Tannerella_forsythia,0,C,5
smp_4,Tausonia_sp.,0,C,5
smp_4,Veillonella_magna,0,C,5
smp_4,Weissella_diestrammenae,0,C,5
smp_4,[Clostridium]_aldenense,0,C,5
smp_4,[Clostridium]_colinum,0,C,5
smp_4,[Clostridium]_glycyrrhizinilyticum,0,C,5
smp_4,[Clostridium]_hylemonae,0,C,5
smp_4,[Clostridium]_leptum,0,C,5
smp_4,[Clostridium]_scindens,0,C,5
smp_4,[Clostridium]_spiroforme,5.794,C,5
smp_5,Absiella_argi,0,M,2
smp_5,Absiella_dolichum,0,M,2
smp_5,Acinetobacter_sp.,0,M,2
smp_5,Acinetobacter_ursingii,0,M,2
smp_5,Actinomyces_graevenitzii,0,M,2
smp_5,Actinotignum_schaalii,0,M,2
smp_5,Akkermansia_muciniphila,1.59,M,2
smp_5,Alistipes_finegoldii,0,M,2
smp_5,Alistipes_indistinctus,0,M,2
smp_5,Alistipes_inops,0,M,2
smp_5,Alistipes_obesi,0,M,2
smp_5,Alistipes_sp.,0,M,2
smp_5,Anaerococcus_hydrogenalis,0,M,2
smp_5,Anaerococcus_vaginalis,0,M,2
smp_5,Anaerofustis_stercorihominis,0,M,2
smp_5,Anaeroglobus_geminatus,0,M,2
smp_5,Anaerostipes_caccae,0,M,2
smp_5,Anaerostipes_rhamnosivorans,0,M,2
smp_5,Anaerotruncus_sp.,0,M,2
smp_5,Atopobium_vaginae,0,M,2
smp_5,bacterium_YE57,0,M,2
smp_5,Bacteroidaceae_bacterium,0,M,2
smp_5,Bacteroides_barnesiae,0,M,2
smp_5,Bacteroides_caecigallinarum,0,M,2
smp_5,Bacteroides_clarus,0,M,2
smp_5,Bacteroides_coprocola,0,M,2
smp_5,Bacteroides_coprophilus,0,M,2
smp_5,Bacteroides_eggerthii,0,M,2
smp_5,Bacteroides_finegoldii,0,M,2
smp_5,Bacteroides_massiliensis,0,M,2
smp_5,Bacteroides_sartorii,0,M,2
smp_5,Bacteroides_sp.,0,M,2
smp_5,Bacteroides_stercoris,0.652,M,2
smp_5,Bacteroides_vulgatus,1.229,M,2
smp_5,Barnesiella_viscericola,0,M,2
smp_5,Bifidobacterium_animalis,0,M,2
smp_5,Bifidobacterium_bifidum,0.822,M,2
smp_5,Bifidobacterium_pullorum,0,M,2
smp_5,Blautia_caecimuris,0.629,M,2
smp_5,Blautia_faecis,0.241,M,2
smp_5,Blautia_hydrogenotrophica,2.518,M,2
smp_5,Blautia_sp.,0,M,2
smp_5,Blautia_stercoris,0,M,2
smp_5,Brachyspira_aalborgi,0,M,2
smp_5,Burkholderia_sp.,0.236,M,2
smp_5,Butyricicoccus_pullicaecorum,0,M,2
smp_5,Butyrivibrio_crossotus,0,M,2
smp_5,Campylobacter_concisus,0,M,2
smp_5,Campylobacter_gracilis,0,M,2
smp_5,Campylobacter_hominis,0,M,2
smp_5,Campylobacter_ureolyticus,0,M,2
smp_5,Candidatus_Babela,0,M,2
smp_5,Candidatus_Fonsibacter,0,M,2
smp_5,Candidatus_Nanopelagicus,0,M,2
smp_5,Candidatus_Stoquefichus,0,M,2
smp_5,Catenibacillus_scindens,0,M,2
smp_5,Christensenella_minuta,0,M,2
smp_5,Chryseobacterium_chaponense,0,M,2
smp_5,Cladosporium_iridis,0,M,2
smp_5,Cloacibacillus_evryensis,0,M,2
smp_5,Clostridiaceae_bacterium,0,M,2
smp_5,Clostridiales_bacterium,0,M,2
smp_5,Clostridium_butyricum,0,M,2
smp_5,Clostridium_paraputrificum,0,M,2
smp_5,Clostridium_perfringens,0,M,2
smp_5,Clostridium_tertium,0,M,2
smp_5,Colletotrichum_nicotianae,0,M,2
smp_5,Collinsella_sp.,0,M,2
smp_5,Collinsella_stercoris,0,M,2
smp_5,Collinsella_tanakaei,0,M,2
smp_5,Coprobacter_secundus,0,M,2
smp_5,Coprococcus_eutactus,0,M,2
smp_5,Corynebacterium_argentoratense,0,M,2
smp_5,Corynebacterium_aurimucosum,0,M,2
smp_5,Corynebacterium_durum,0,M,2
smp_5,Daucus_carota,0,M,2
smp_5,Desulfovibrio_ferrireducens,0,M,2
smp_5,Desulfovibrio_piger,0,M,2
smp_5,Desulfovibrio_sp.,0,M,2
smp_5,Dielma_sp.,0,M,2
smp_5,Eggerthella_sinensis,0,M,2
smp_5,Empedobacter_brevis,0,M,2
smp_5,Eubacteriaceae_bacterium,0,M,2
smp_5,Eubacterium_limosum,0,M,2
smp_5,Eubacterium_ramulus,0,M,2
smp_5,Eubacterium_saphenum,0,M,2
smp_5,Eubacterium_sp.,0,M,2
smp_5,Extibacter_muris,0,M,2
smp_5,Ezakiella_peruensis,0,M,2
smp_5,Faecalicatena_fissicatena,0,M,2
smp_5,Faecalicoccus_pleomorphus,0,M,2
smp_5,Faecalitalea_cylindroides,0,M,2
smp_5,Filimonas_sp.,0,M,2
smp_5,Flavonifractor_plautii,0,M,2
smp_5,Fusobacterium_mortiferum,0,M,2
smp_5,Fusobacterium_necrophorum,0,M,2
smp_5,Gabonibacter_massiliensis,0,M,2
smp_5,Gluconobacter_cerinus,0,M,2
smp_5,Gordonibacter_pamelaeae,0,M,2
smp_5,Gymnodinium_aureolum,0,M,2
smp_5,Haemophilus_parahaemolyticus,0,M,2
smp_5,Haemophilus_sputorum,0,M,2
smp_5,Holdemania_filiformis,0,M,2
smp_5,Ihubacter_massiliensis,0,M,2
smp_5,Ileibacterium_valens,0,M,2
smp_5,Intestinimonas_butyriciproducens,0,M,2
smp_5,Intestinimonas_sp.,0,M,2
smp_5,Joostella_marina,0,M,2
smp_5,Lachnoclostridium_phocaeense,0,M,2
smp_5,Lachnospiraceae_bacterium,0,M,2
smp_5,Lactobacillus_delbrueckii,0,M,2
smp_5,Lactobacillus_mucosae,0,M,2
smp_5,Lactobacillus_vaginalis,0,M,2
smp_5,Leptotrichia_sp.,0,M,2
smp_5,Massiliomicrobiota_timonensis,0,M,2
smp_5,Megasphaera_micronuciformis,0,M,2
smp_5,Micromonas_commoda,0,M,2
smp_5,Mobiluncus_curtisii,0,M,2
smp_5,Monocercomonoides_sp.,0,M,2
smp_5,Mordavella_sp.,0,M,2
smp_5,Murdochiella_asaccharolytica,0,M,2
smp_5,Murdochiella_vaginalis,0,M,2
smp_5,Myrothecium_gramineum,0,M,2
smp_5,Myrothecium_sp.,0,M,2
smp_5,Negativicoccus_succinicivorans,0,M,2
smp_5,Nephroselmis_pyriformis,0,M,2
smp_5,Odoribacter_laneus,0,M,2
smp_5,Odoribacter_splanchnicus,1.466,M,2
smp_5,Oryza_sativa,0,M,2
smp_5,Oxalobacter_formigenes,0,M,2
smp_5,Parabacteroides_goldsteinii,0,M,2
smp_5,Parabacteroides_johnsonii,0,M,2
smp_5,Parabacteroides_merdae,0.388,M,2
smp_5,Paraphaeosphaeria_neglecta,0,M,2
smp_5,Paraprevotella_xylaniphila,0,M,2
smp_5,Parasutterella_excrementihominis,0,M,2
smp_5,Peptococcus_niger,0,M,2
smp_5,Peptoniphilus_coxii,0,M,2
smp_5,Peptoniphilus_lacrimalis,0,M,2
smp_5,Peptoniphilus_timonensis,0,M,2
smp_5,Peptoniphilus_urinimassiliensis,0,M,2
smp_5,Peptostreptococcus_anaerobius,0,M,2
smp_5,Phalacroma_mitra,0,M,2
smp_5,Polycyclovorans_algicola,0,M,2
smp_5,Porphyromonas_asaccharolytica,0,M,2
smp_5,Porphyromonas_bennonis,0,M,2
smp_5,Porphyromonas_gingivalis,0,M,2
smp_5,Porphyromonas_somerae,0,M,2
smp_5,Prevotella_bergensis,0,M,2
smp_5,Prevotella_bivia,0,M,2
smp_5,Prevotella_buccae,0,M,2
smp_5,Prevotella_buccalis,0,M,2
smp_5,Prevotella_colorans,0,M,2
smp_5,Prevotella_copri,0,M,2
smp_5,Prevotella_denticola,0,M,2
smp_5,Prevotella_disiens,0,M,2
smp_5,Prevotella_histicola,0,M,2
smp_5,Prevotella_melaninogenica,0,M,2
smp_5,Prevotella_oralis,0,M,2
smp_5,Prevotella_shahii,0,M,2
smp_5,Prevotella_stercorea,0,M,2
smp_5,Prevotella_timonensis,0,M,2
smp_5,Prevotellaceae_bacterium,0,M,2
smp_5,Pseudaeromonas_sharmana,0,M,2
smp_5,Pyramidobacter_piscolens,0,M,2
smp_5,Rikenella_microfusus,0,M,2
smp_5,Rikenella_sp.,0,M,2
smp_5,Robinsoniella_peoriensis,0,M,2
smp_5,Roseburia_intestinalis,0.425,M,2
smp_5,Ruminococcaceae_bacterium,0.555,M,2
smp_5,Ruminococcus_bicirculans,0,M,2
smp_5,Ruminococcus_champanellensis,0,M,2
smp_5,Ruminococcus_lactaris,0,M,2
smp_5,Ruminococcus_sp.,0,M,2
smp_5,Sanguibacteroides_justesenii,0,M,2
smp_5,Scapharca_broughtonii,0,M,2
smp_5,Scardovia_wiggsiae,0,M,2
smp_5,Sellimonas_intestinalis,0,M,2
smp_5,Sneathia_amnii,0,M,2
smp_5,Spirochaeta_perfilievii,0,M,2
smp_5,Spirochaeta_psychrophila,0,M,2
smp_5,Streptococcus_agalactiae,0,M,2
smp_5,Streptococcus_mutans,0,M,2
smp_5,Streptococcus_salivarius,0,M,2
smp_5,Streptococcus_sobrinus,0,M,2
smp_5,Strombidium_paracapitatum,0,M,2
smp_5,Succinatimonas_hippei,0,M,2
smp_5,Sutterella_sp.,0,M,2
smp_5,Sutterella_wadsworthensis,9.625,M,2
smp_5,Tannerella_forsythia,0,M,2
smp_5,Tausonia_sp.,0,M,2
smp_5,Veillonella_magna,0,M,2
smp_5,Weissella_diestrammenae,0,M,2
smp_5,[Clostridium]_aldenense,0.765,M,2
smp_5,[Clostridium]_colinum,0,M,2
smp_5,[Clostridium]_glycyrrhizinilyticum,1.335,M,2
smp_5,[Clostridium]_hylemonae,0,M,2
smp_5,[Clostridium]_leptum,0.995,M,2
smp_5,[Clostridium]_scindens,0,M,2
smp_5,[Clostridium]_spiroforme,5.419,M,2
smp_6,Absiella_argi,0,M,2
smp_6,Absiella_dolichum,0,M,2
smp_6,Acinetobacter_sp.,0,M,2
smp_6,Acinetobacter_ursingii,0,M,2
smp_6,Actinomyces_graevenitzii,0,M,2
smp_6,Actinotignum_schaalii,0,M,2
smp_6,Akkermansia_muciniphila,3.33,M,2
smp_6,Alistipes_finegoldii,1.559,M,2
smp_6,Alistipes_indistinctus,0,M,2
smp_6,Alistipes_inops,0,M,2
smp_6,Alistipes_obesi,0,M,2
smp_6,Alistipes_sp.,0,M,2
smp_6,Anaerococcus_hydrogenalis,0,M,2
smp_6,Anaerococcus_vaginalis,0,M,2
smp_6,Anaerofustis_stercorihominis,0,M,2
smp_6,Anaeroglobus_geminatus,0,M,2
smp_6,Anaerostipes_caccae,0,M,2
smp_6,Anaerostipes_rhamnosivorans,0,M,2
smp_6,Anaerotruncus_sp.,0,M,2
smp_6,Atopobium_vaginae,0,M,2
smp_6,bacterium_YE57,0,M,2
smp_6,Bacteroidaceae_bacterium,0,M,2
smp_6,Bacteroides_barnesiae,0,M,2
smp_6,Bacteroides_caecigallinarum,0,M,2
smp_6,Bacteroides_clarus,0,M,2
smp_6,Bacteroides_coprocola,0,M,2
smp_6,Bacteroides_coprophilus,0,M,2
smp_6,Bacteroides_eggerthii,0,M,2
smp_6,Bacteroides_finegoldii,0,M,2
smp_6,Bacteroides_massiliensis,0.265,M,2
smp_6,Bacteroides_sartorii,0,M,2
smp_6,Bacteroides_sp.,0,M,2
smp_6,Bacteroides_stercoris,0,M,2
smp_6,Bacteroides_vulgatus,0.364,M,2
smp_6,Barnesiella_viscericola,0,M,2
smp_6,Bifidobacterium_animalis,0,M,2
smp_6,Bifidobacterium_bifidum,0,M,2
smp_6,Bifidobacterium_pullorum,0,M,2
smp_6,Blautia_caecimuris,0.92,M,2
smp_6,Blautia_faecis,0.986,M,2
smp_6,Blautia_hydrogenotrophica,4.29,M,2
smp_6,Blautia_sp.,1.418,M,2
smp_6,Blautia_stercoris,0,M,2
smp_6,Brachyspira_aalborgi,0,M,2
smp_6,Burkholderia_sp.,0,M,2
smp_6,Butyricicoccus_pullicaecorum,0,M,2
smp_6,Butyrivibrio_crossotus,0,M,2
smp_6,Campylobacter_concisus,0,M,2
smp_6,Campylobacter_gracilis,0,M,2
smp_6,Campylobacter_hominis,0,M,2
smp_6,Campylobacter_ureolyticus,0,M,2
smp_6,Candidatus_Babela,0,M,2
smp_6,Candidatus_Fonsibacter,0,M,2
smp_6,Candidatus_Nanopelagicus,0,M,2
smp_6,Candidatus_Stoquefichus,0,M,2
smp_6,Catenibacillus_scindens,0,M,2
smp_6,Christensenella_minuta,0,M,2
smp_6,Chryseobacterium_chaponense,0,M,2
smp_6,Cladosporium_iridis,0,M,2
smp_6,Cloacibacillus_evryensis,0,M,2
smp_6,Clostridiaceae_bacterium,0,M,2
smp_6,Clostridiales_bacterium,0,M,2
smp_6,Clostridium_butyricum,0,M,2
smp_6,Clostridium_paraputrificum,0,M,2
smp_6,Clostridium_perfringens,0,M,2
smp_6,Clostridium_tertium,0,M,2
smp_6,Colletotrichum_nicotianae,0,M,2
smp_6,Collinsella_sp.,0,M,2
smp_6,Collinsella_stercoris,0,M,2
smp_6,Collinsella_tanakaei,0,M,2
smp_6,Coprobacter_secundus,0,M,2
smp_6,Coprococcus_eutactus,0,M,2
smp_6,Corynebacterium_argentoratense,0,M,2
smp_6,Corynebacterium_aurimucosum,0,M,2
smp_6,Corynebacterium_durum,0,M,2
smp_6,Daucus_carota,0,M,2
smp_6,Desulfovibrio_ferrireducens,0,M,2
smp_6,Desulfovibrio_piger,0,M,2
smp_6,Desulfovibrio_sp.,0,M,2
smp_6,Dielma_sp.,0,M,2
smp_6,Eggerthella_sinensis,0,M,2
smp_6,Empedobacter_brevis,0,M,2
smp_6,Eubacteriaceae_bacterium,0,M,2
smp_6,Eubacterium_limosum,0,M,2
smp_6,Eubacterium_ramulus,0,M,2
smp_6,Eubacterium_saphenum,0,M,2
smp_6,Eubacterium_sp.,6.642,M,2
smp_6,Extibacter_muris,0,M,2
smp_6,Ezakiella_peruensis,0,M,2
smp_6,Faecalicatena_fissicatena,0,M,2
smp_6,Faecalicoccus_pleomorphus,0,M,2
smp_6,Faecalitalea_cylindroides,0,M,2
smp_6,Filimonas_sp.,0,M,2
smp_6,Flavonifractor_plautii,0,M,2
smp_6,Fusobacterium_mortiferum,0,M,2
smp_6,Fusobacterium_necrophorum,0,M,2
smp_6,Gabonibacter_massiliensis,0,M,2
smp_6,Gluconobacter_cerinus,0,M,2
smp_6,Gordonibacter_pamelaeae,0,M,2
smp_6,Gymnodinium_aureolum,0,M,2
smp_6,Haemophilus_parahaemolyticus,0,M,2
smp_6,Haemophilus_sputorum,0,M,2
smp_6,Holdemania_filiformis,0.968,M,2
smp_6,Ihubacter_massiliensis,1.863,M,2
smp_6,Ileibacterium_valens,0,M,2
smp_6,Intestinimonas_butyriciproducens,0,M,2
smp_6,Intestinimonas_sp.,0,M,2
smp_6,Joostella_marina,0,M,2
smp_6,Lachnoclostridium_phocaeense,2.539,M,2
smp_6,Lachnospiraceae_bacterium,0,M,2
smp_6,Lactobacillus_delbrueckii,0,M,2
smp_6,Lactobacillus_mucosae,0,M,2
smp_6,Lactobacillus_vaginalis,0,M,2
smp_6,Leptotrichia_sp.,0,M,2
smp_6,Massiliomicrobiota_timonensis,0.731,M,2
smp_6,Megasphaera_micronuciformis,0,M,2
smp_6,Micromonas_commoda,0,M,2
smp_6,Mobiluncus_curtisii,0,M,2
smp_6,Monocercomonoides_sp.,0,M,2
smp_6,Mordavella_sp.,0,M,2
smp_6,Murdochiella_asaccharolytica,0,M,2
smp_6,Murdochiella_vaginalis,0,M,2
smp_6,Myrothecium_gramineum,0,M,2
smp_6,Myrothecium_sp.,0,M,2
smp_6,Negativicoccus_succinicivorans,0,M,2
smp_6,Nephroselmis_pyriformis,0,M,2
smp_6,Odoribacter_laneus,0,M,2
smp_6,Odoribacter_splanchnicus,0.559,M,2
smp_6,Oryza_sativa,0,M,2
smp_6,Oxalobacter_formigenes,0,M,2
smp_6,Parabacteroides_goldsteinii,0,M,2
smp_6,Parabacteroides_johnsonii,0,M,2
smp_6,Parabacteroides_merdae,0.343,M,2
smp_6,Paraphaeosphaeria_neglecta,0,M,2
smp_6,Paraprevotella_xylaniphila,0,M,2
smp_6,Parasutterella_excrementihominis,0,M,2
smp_6,Peptococcus_niger,0,M,2
smp_6,Peptoniphilus_coxii,0,M,2
smp_6,Peptoniphilus_lacrimalis,0,M,2
smp_6,Peptoniphilus_timonensis,0,M,2
smp_6,Peptoniphilus_urinimassiliensis,0,M,2
smp_6,Peptostreptococcus_anaerobius,0,M,2
smp_6,Phalacroma_mitra,0,M,2
smp_6,Polycyclovorans_algicola,0,M,2
smp_6,Porphyromonas_asaccharolytica,0,M,2
smp_6,Porphyromonas_bennonis,0,M,2
smp_6,Porphyromonas_gingivalis,0,M,2
smp_6,Porphyromonas_somerae,0,M,2
smp_6,Prevotella_bergensis,0,M,2
smp_6,Prevotella_bivia,0,M,2
smp_6,Prevotella_buccae,0,M,2
smp_6,Prevotella_buccalis,0,M,2
smp_6,Prevotella_colorans,0,M,2
smp_6,Prevotella_copri,0,M,2
smp_6,Prevotella_denticola,0,M,2
smp_6,Prevotella_disiens,0,M,2
smp_6,Prevotella_histicola,0,M,2
smp_6,Prevotella_melaninogenica,0,M,2
smp_6,Prevotella_oralis,0,M,2
smp_6,Prevotella_shahii,0,M,2
smp_6,Prevotella_stercorea,0,M,2
smp_6,Prevotella_timonensis,0,M,2
smp_6,Prevotellaceae_bacterium,0,M,2
smp_6,Pseudaeromonas_sharmana,0,M,2
smp_6,Pyramidobacter_piscolens,0,M,2
smp_6,Rikenella_microfusus,0,M,2
smp_6,Rikenella_sp.,0,M,2
smp_6,Robinsoniella_peoriensis,0,M,2
smp_6,Roseburia_intestinalis,0,M,2
smp_6,Ruminococcaceae_bacterium,0,M,2
smp_6,Ruminococcus_bicirculans,0.395,M,2
smp_6,Ruminococcus_champanellensis,0,M,2
smp_6,Ruminococcus_lactaris,1.629,M,2
smp_6,Ruminococcus_sp.,0,M,2
smp_6,Sanguibacteroides_justesenii,0,M,2
smp_6,Scapharca_broughtonii,0,M,2
smp_6,Scardovia_wiggsiae,0,M,2
smp_6,Sellimonas_intestinalis,0,M,2
smp_6,Sneathia_amnii,0,M,2
smp_6,Spirochaeta_perfilievii,0,M,2
smp_6,Spirochaeta_psychrophila,0,M,2
smp_6,Streptococcus_agalactiae,0,M,2
smp_6,Streptococcus_mutans,0,M,2
smp_6,Streptococcus_salivarius,0,M,2
smp_6,Streptococcus_sobrinus,0,M,2
smp_6,Strombidium_paracapitatum,0,M,2
smp_6,Succinatimonas_hippei,0,M,2
smp_6,Sutterella_sp.,0,M,2
smp_6,Sutterella_wadsworthensis,0,M,2
smp_6,Tannerella_forsythia,0,M,2
smp_6,Tausonia_sp.,0,M,2
smp_6,Veillonella_magna,0,M,2
smp_6,Weissella_diestrammenae,0,M,2
smp_6,[Clostridium]_aldenense,0,M,2
smp_6,[Clostridium]_colinum,0,M,2
smp_6,[Clostridium]_glycyrrhizinilyticum,1.256,M,2
smp_6,[Clostridium]_hylemonae,0,M,2
smp_6,[Clostridium]_leptum,1.823,M,2
smp_6,[Clostridium]_scindens,4.159,M,2
smp_6,[Clostridium]_spiroforme,6.279,M,2
smp_7,Absiella_argi,0,C,3
smp_7,Absiella_dolichum,0,C,3
smp_7,Acinetobacter_sp.,0,C,3
smp_7,Acinetobacter_ursingii,0,C,3
smp_7,Actinomyces_graevenitzii,0,C,3
smp_7,Actinotignum_schaalii,0,C,3
smp_7,Akkermansia_muciniphila,0,C,3
smp_7,Alistipes_finegoldii,1.634,C,3
smp_7,Alistipes_indistinctus,0,C,3
smp_7,Alistipes_inops,0,C,3
smp_7,Alistipes_obesi,1.147,C,3
smp_7,Alistipes_sp.,0.713,C,3
smp_7,Anaerococcus_hydrogenalis,0,C,3
smp_7,Anaerococcus_vaginalis,0,C,3
smp_7,Anaerofustis_stercorihominis,0,C,3
smp_7,Anaeroglobus_geminatus,0,C,3
smp_7,Anaerostipes_caccae,0,C,3
smp_7,Anaerostipes_rhamnosivorans,0,C,3
smp_7,Anaerotruncus_sp.,0,C,3
smp_7,Atopobium_vaginae,0,C,3
smp_7,bacterium_YE57,0,C,3
smp_7,Bacteroidaceae_bacterium,0,C,3
smp_7,Bacteroides_barnesiae,0,C,3
smp_7,Bacteroides_caecigallinarum,0,C,3
smp_7,Bacteroides_clarus,0,C,3
smp_7,Bacteroides_coprocola,0,C,3
smp_7,Bacteroides_coprophilus,0,C,3
smp_7,Bacteroides_eggerthii,0,C,3
smp_7,Bacteroides_finegoldii,0,C,3
smp_7,Bacteroides_massiliensis,0,C,3
smp_7,Bacteroides_sartorii,0,C,3
smp_7,Bacteroides_sp.,0,C,3
smp_7,Bacteroides_stercoris,0,C,3
smp_7,Bacteroides_vulgatus,1.73,C,3
smp_7,Barnesiella_viscericola,0,C,3
smp_7,Bifidobacterium_animalis,0,C,3
smp_7,Bifidobacterium_bifidum,0,C,3
smp_7,Bifidobacterium_pullorum,0,C,3
smp_7,Blautia_caecimuris,0,C,3
smp_7,Blautia_faecis,0.246,C,3
smp_7,Blautia_hydrogenotrophica,0,C,3
smp_7,Blautia_sp.,0,C,3
smp_7,Blautia_stercoris,0,C,3
smp_7,Brachyspira_aalborgi,0,C,3
smp_7,Burkholderia_sp.,0,C,3
smp_7,Butyricicoccus_pullicaecorum,0,C,3
smp_7,Butyrivibrio_crossotus,0,C,3
smp_7,Campylobacter_concisus,0,C,3
smp_7,Campylobacter_gracilis,0,C,3
smp_7,Campylobacter_hominis,0,C,3
smp_7,Campylobacter_ureolyticus,0,C,3
smp_7,Candidatus_Babela,0,C,3
smp_7,Candidatus_Fonsibacter,0,C,3
smp_7,Candidatus_Nanopelagicus,0,C,3
smp_7,Candidatus_Stoquefichus,0,C,3
smp_7,Catenibacillus_scindens,0,C,3
smp_7,Christensenella_minuta,0,C,3
smp_7,Chryseobacterium_chaponense,0,C,3
smp_7,Cladosporium_iridis,0,C,3
smp_7,Cloacibacillus_evryensis,0,C,3
smp_7,Clostridiaceae_bacterium,0,C,3
smp_7,Clostridiales_bacterium,0,C,3
smp_7,Clostridium_butyricum,0,C,3
smp_7,Clostridium_paraputrificum,0,C,3
smp_7,Clostridium_perfringens,0,C,3
smp_7,Clostridium_tertium,0,C,3
smp_7,Colletotrichum_nicotianae,0,C,3
smp_7,Collinsella_sp.,0,C,3
smp_7,Collinsella_stercoris,0,C,3
smp_7,Collinsella_tanakaei,0,C,3
smp_7,Coprobacter_secundus,0,C,3
smp_7,Coprococcus_eutactus,0,C,3
smp_7,Corynebacterium_argentoratense,0,C,3
smp_7,Corynebacterium_aurimucosum,0,C,3
smp_7,Corynebacterium_durum,0,C,3
smp_7,Daucus_carota,1.029,C,3
smp_7,Desulfovibrio_ferrireducens,0,C,3
smp_7,Desulfovibrio_piger,0,C,3
smp_7,Desulfovibrio_sp.,0,C,3
smp_7,Dielma_sp.,0,C,3
smp_7,Eggerthella_sinensis,0,C,3
smp_7,Empedobacter_brevis,0,C,3
smp_7,Eubacteriaceae_bacterium,0,C,3
smp_7,Eubacterium_limosum,0,C,3
smp_7,Eubacterium_ramulus,0.442,C,3
smp_7,Eubacterium_saphenum,0,C,3
smp_7,Eubacterium_sp.,0,C,3
smp_7,Extibacter_muris,0,C,3
smp_7,Ezakiella_peruensis,0,C,3
smp_7,Faecalicatena_fissicatena,0,C,3
smp_7,Faecalicoccus_pleomorphus,0,C,3
smp_7,Faecalitalea_cylindroides,0,C,3
smp_7,Filimonas_sp.,0,C,3
smp_7,Flavonifractor_plautii,0,C,3
smp_7,Fusobacterium_mortiferum,0,C,3
smp_7,Fusobacterium_necrophorum,0,C,3
smp_7,Gabonibacter_massiliensis,0,C,3
smp_7,Gluconobacter_cerinus,0,C,3
smp_7,Gordonibacter_pamelaeae,0,C,3
smp_7,Gymnodinium_aureolum,0,C,3
smp_7,Haemophilus_parahaemolyticus,0,C,3
smp_7,Haemophilus_sputorum,0,C,3
smp_7,Holdemania_filiformis,0,C,3
smp_7,Ihubacter_massiliensis,0,C,3
smp_7,Ileibacterium_valens,0,C,3
smp_7,Intestinimonas_butyriciproducens,0,C,3
smp_7,Intestinimonas_sp.,0,C,3
smp_7,Joostella_marina,0,C,3
smp_7,Lachnoclostridium_phocaeense,0,C,3
smp_7,Lachnospiraceae_bacterium,0,C,3
smp_7,Lactobacillus_delbrueckii,0,C,3
smp_7,Lactobacillus_mucosae,0,C,3
smp_7,Lactobacillus_vaginalis,0,C,3
smp_7,Leptotrichia_sp.,0,C,3
smp_7,Massiliomicrobiota_timonensis,0,C,3
smp_7,Megasphaera_micronuciformis,0,C,3
smp_7,Micromonas_commoda,0,C,3
smp_7,Mobiluncus_curtisii,0,C,3
smp_7,Monocercomonoides_sp.,0,C,3
smp_7,Mordavella_sp.,0,C,3
smp_7,Murdochiella_asaccharolytica,0,C,3
smp_7,Murdochiella_vaginalis,0,C,3
smp_7,Myrothecium_gramineum,0,C,3
smp_7,Myrothecium_sp.,0,C,3
smp_7,Negativicoccus_succinicivorans,0,C,3
smp_7,Nephroselmis_pyriformis,0,C,3
smp_7,Odoribacter_laneus,0,C,3
smp_7,Odoribacter_splanchnicus,0.74,C,3
smp_7,Oryza_sativa,0,C,3
smp_7,Oxalobacter_formigenes,0,C,3
smp_7,Parabacteroides_goldsteinii,0,C,3
smp_7,Parabacteroides_johnsonii,0,C,3
smp_7,Parabacteroides_merdae,1.014,C,3
smp_7,Paraphaeosphaeria_neglecta,0,C,3
smp_7,Paraprevotella_xylaniphila,0,C,3
smp_7,Parasutterella_excrementihominis,0,C,3
smp_7,Peptococcus_niger,0,C,3
smp_7,Peptoniphilus_coxii,0,C,3
smp_7,Peptoniphilus_lacrimalis,0,C,3
smp_7,Peptoniphilus_timonensis,0,C,3
smp_7,Peptoniphilus_urinimassiliensis,0,C,3
smp_7,Peptostreptococcus_anaerobius,0,C,3
smp_7,Phalacroma_mitra,0,C,3
smp_7,Polycyclovorans_algicola,0,C,3
smp_7,Porphyromonas_asaccharolytica,0,C,3
smp_7,Porphyromonas_bennonis,0,C,3
smp_7,Porphyromonas_gingivalis,0,C,3
smp_7,Porphyromonas_somerae,0,C,3
smp_7,Prevotella_bergensis,0,C,3
smp_7,Prevotella_bivia,0,C,3
smp_7,Prevotella_buccae,0,C,3
smp_7,Prevotella_buccalis,0,C,3
smp_7,Prevotella_colorans,0,C,3
smp_7,Prevotella_copri,0,C,3
smp_7,Prevotella_denticola,0,C,3
smp_7,Prevotella_disiens,0,C,3
smp_7,Prevotella_histicola,0,C,3
smp_7,Prevotella_melaninogenica,0,C,3
smp_7,Prevotella_oralis,0,C,3
smp_7,Prevotella_shahii,0,C,3
smp_7,Prevotella_stercorea,0,C,3
smp_7,Prevotella_timonensis,0,C,3
smp_7,Prevotellaceae_bacterium,0,C,3
smp_7,Pseudaeromonas_sharmana,0,C,3
smp_7,Pyramidobacter_piscolens,0,C,3
smp_7,Rikenella_microfusus,0,C,3
smp_7,Rikenella_sp.,0,C,3
smp_7,Robinsoniella_peoriensis,0,C,3
smp_7,Roseburia_intestinalis,0.396,C,3
smp_7,Ruminococcaceae_bacterium,0,C,3
smp_7,Ruminococcus_bicirculans,0,C,3
smp_7,Ruminococcus_champanellensis,0,C,3
smp_7,Ruminococcus_lactaris,0.563,C,3
smp_7,Ruminococcus_sp.,0,C,3
smp_7,Sanguibacteroides_justesenii,0,C,3
smp_7,Scapharca_broughtonii,0,C,3
smp_7,Scardovia_wiggsiae,0,C,3
smp_7,Sellimonas_intestinalis,0,C,3
smp_7,Sneathia_amnii,0,C,3
smp_7,Spirochaeta_perfilievii,0,C,3
smp_7,Spirochaeta_psychrophila,0,C,3
smp_7,Streptococcus_agalactiae,0,C,3
smp_7,Streptococcus_mutans,0,C,3
smp_7,Streptococcus_salivarius,0,C,3
smp_7,Streptococcus_sobrinus,0,C,3
smp_7,Strombidium_paracapitatum,0,C,3
smp_7,Succinatimonas_hippei,0,C,3
smp_7,Sutterella_sp.,0,C,3
smp_7,Sutterella_wadsworthensis,0,C,3
smp_7,Tannerella_forsythia,0,C,3
smp_7,Tausonia_sp.,0.811,C,3
smp_7,Veillonella_magna,0,C,3
smp_7,Weissella_diestrammenae,0,C,3
smp_7,[Clostridium]_aldenense,0,C,3
smp_7,[Clostridium]_colinum,0,C,3
smp_7,[Clostridium]_glycyrrhizinilyticum,0,C,3
smp_7,[Clostridium]_hylemonae,0,C,3
smp_7,[Clostridium]_leptum,0,C,3
smp_7,[Clostridium]_scindens,0,C,3
smp_7,[Clostridium]_spiroforme,0,C,3
smp_8,Absiella_argi,0,M,2
smp_8,Absiella_dolichum,0,M,2
smp_8,Acinetobacter_sp.,0,M,2
smp_8,Acinetobacter_ursingii,0,M,2
smp_8,Actinomyces_graevenitzii,0,M,2
smp_8,Actinotignum_schaalii,0,M,2
smp_8,Akkermansia_muciniphila,0,M,2
smp_8,Alistipes_finegoldii,0,M,2
smp_8,Alistipes_indistinctus,0,M,2
smp_8,Alistipes_inops,0,M,2
smp_8,Alistipes_obesi,0,M,2
smp_8,Alistipes_sp.,0,M,2
smp_8,Anaerococcus_hydrogenalis,0,M,2
smp_8,Anaerococcus_vaginalis,0,M,2
smp_8,Anaerofustis_stercorihominis,0,M,2
smp_8,Anaeroglobus_geminatus,0,M,2
smp_8,Anaerostipes_caccae,0,M,2
smp_8,Anaerostipes_rhamnosivorans,0,M,2
smp_8,Anaerotruncus_sp.,0,M,2
smp_8,Atopobium_vaginae,0,M,2
smp_8,bacterium_YE57,0,M,2
smp_8,Bacteroidaceae_bacterium,0,M,2
smp_8,Bacteroides_barnesiae,0,M,2
smp_8,Bacteroides_caecigallinarum,0,M,2
smp_8,Bacteroides_clarus,0,M,2
smp_8,Bacteroides_coprocola,0,M,2
smp_8,Bacteroides_coprophilus,0,M,2
smp_8,Bacteroides_eggerthii,0,M,2
smp_8,Bacteroides_finegoldii,0,M,2
smp_8,Bacteroides_massiliensis,0,M,2
smp_8,Bacteroides_sartorii,0,M,2
smp_8,Bacteroides_sp.,0,M,2
smp_8,Bacteroides_stercoris,3.739,M,2
smp_8,Bacteroides_vulgatus,0,M,2
smp_8,Barnesiella_viscericola,0,M,2
smp_8,Bifidobacterium_animalis,0,M,2
smp_8,Bifidobacterium_bifidum,0,M,2
smp_8,Bifidobacterium_pullorum,0,M,2
smp_8,Blautia_caecimuris,0,M,2
smp_8,Blautia_faecis,0,M,2
smp_8,Blautia_hydrogenotrophica,0,M,2
smp_8,Blautia_sp.,0,M,2
smp_8,Blautia_stercoris,0,M,2
smp_8,Brachyspira_aalborgi,0,M,2
smp_8,Burkholderia_sp.,0,M,2
smp_8,Butyricicoccus_pullicaecorum,0,M,2
smp_8,Butyrivibrio_crossotus,0,M,2
smp_8,Campylobacter_concisus,0,M,2
smp_8,Campylobacter_gracilis,0,M,2
smp_8,Campylobacter_hominis,0,M,2
smp_8,Campylobacter_ureolyticus,0,M,2
smp_8,Candidatus_Babela,0,M,2
smp_8,Candidatus_Fonsibacter,0,M,2
smp_8,Candidatus_Nanopelagicus,0,M,2
smp_8,Candidatus_Stoquefichus,0,M,2
smp_8,Catenibacillus_scindens,0,M,2
smp_8,Christensenella_minuta,0,M,2
smp_8,Chryseobacterium_chaponense,0,M,2
smp_8,Cladosporium_iridis,0,M,2
smp_8,Cloacibacillus_evryensis,0,M,2
smp_8,Clostridiaceae_bacterium,0,M,2
smp_8,Clostridiales_bacterium,0,M,2
smp_8,Clostridium_butyricum,0,M,2
smp_8,Clostridium_paraputrificum,0,M,2
smp_8,Clostridium_perfringens,0,M,2
smp_8,Clostridium_tertium,0,M,2
smp_8,Colletotrichum_nicotianae,0,M,2
smp_8,Collinsella_sp.,0,M,2
smp_8,Collinsella_stercoris,0,M,2
smp_8,Collinsella_tanakaei,0,M,2
smp_8,Coprobacter_secundus,0,M,2
smp_8,Coprococcus_eutactus,0,M,2
smp_8,Corynebacterium_argentoratense,0,M,2
smp_8,Corynebacterium_aurimucosum,0,M,2
smp_8,Corynebacterium_durum,0,M,2
smp_8,Daucus_carota,0,M,2
smp_8,Desulfovibrio_ferrireducens,0,M,2
smp_8,Desulfovibrio_piger,0,M,2
smp_8,Desulfovibrio_sp.,0,M,2
smp_8,Dielma_sp.,0,M,2
smp_8,Eggerthella_sinensis,0,M,2
smp_8,Empedobacter_brevis,0,M,2
smp_8,Eubacteriaceae_bacterium,0,M,2
smp_8,Eubacterium_limosum,0,M,2
smp_8,Eubacterium_ramulus,0,M,2
smp_8,Eubacterium_saphenum,0,M,2
smp_8,Eubacterium_sp.,0,M,2
smp_8,Extibacter_muris,0,M,2
smp_8,Ezakiella_peruensis,0,M,2
smp_8,Faecalicatena_fissicatena,0,M,2
smp_8,Faecalicoccus_pleomorphus,0,M,2
smp_8,Faecalitalea_cylindroides,0,M,2
smp_8,Filimonas_sp.,0,M,2
smp_8,Flavonifractor_plautii,0,M,2
smp_8,Fusobacterium_mortiferum,0,M,2
smp_8,Fusobacterium_necrophorum,0,M,2
smp_8,Gabonibacter_massiliensis,0,M,2
smp_8,Gluconobacter_cerinus,0,M,2
smp_8,Gordonibacter_pamelaeae,0,M,2
smp_8,Gymnodinium_aureolum,0,M,2
smp_8,Haemophilus_parahaemolyticus,0,M,2
smp_8,Haemophilus_sputorum,0,M,2
smp_8,Holdemania_filiformis,0,M,2
smp_8,Ihubacter_massiliensis,0,M,2
smp_8,Ileibacterium_valens,0,M,2
smp_8,Intestinimonas_butyriciproducens,0,M,2
smp_8,Intestinimonas_sp.,0,M,2
smp_8,Joostella_marina,0,M,2
smp_8,Lachnoclostridium_phocaeense,0,M,2
smp_8,Lachnospiraceae_bacterium,0,M,2
smp_8,Lactobacillus_delbrueckii,0,M,2
smp_8,Lactobacillus_mucosae,0,M,2
smp_8,Lactobacillus_vaginalis,0,M,2
smp_8,Leptotrichia_sp.,0,M,2
smp_8,Massiliomicrobiota_timonensis,0,M,2
smp_8,Megasphaera_micronuciformis,0,M,2
smp_8,Micromonas_commoda,0,M,2
smp_8,Mobiluncus_curtisii,0,M,2
smp_8,Monocercomonoides_sp.,0,M,2
smp_8,Mordavella_sp.,0,M,2
smp_8,Murdochiella_asaccharolytica,0,M,2
smp_8,Murdochiella_vaginalis,0,M,2
smp_8,Myrothecium_gramineum,0,M,2
smp_8,Myrothecium_sp.,0,M,2
smp_8,Negativicoccus_succinicivorans,0,M,2
smp_8,Nephroselmis_pyriformis,0,M,2
smp_8,Odoribacter_laneus,0,M,2
smp_8,Odoribacter_splanchnicus,3.284,M,2
smp_8,Oryza_sativa,0,M,2
smp_8,Oxalobacter_formigenes,0,M,2
smp_8,Parabacteroides_goldsteinii,0,M,2
smp_8,Parabacteroides_johnsonii,0,M,2
smp_8,Parabacteroides_merdae,3.601,M,2
smp_8,Paraphaeosphaeria_neglecta,0,M,2
smp_8,Paraprevotella_xylaniphila,0,M,2
smp_8,Parasutterella_excrementihominis,0,M,2
smp_8,Peptococcus_niger,0,M,2
smp_8,Peptoniphilus_coxii,0,M,2
smp_8,Peptoniphilus_lacrimalis,0,M,2
smp_8,Peptoniphilus_timonensis,0,M,2
smp_8,Peptoniphilus_urinimassiliensis,0,M,2
smp_8,Peptostreptococcus_anaerobius,0,M,2
smp_8,Phalacroma_mitra,0,M,2
smp_8,Polycyclovorans_algicola,0,M,2
smp_8,Porphyromonas_asaccharolytica,0,M,2
smp_8,Porphyromonas_bennonis,0,M,2
smp_8,Porphyromonas_gingivalis,0,M,2
smp_8,Porphyromonas_somerae,0,M,2
smp_8,Prevotella_bergensis,0,M,2
smp_8,Prevotella_bivia,0,M,2
smp_8,Prevotella_buccae,0,M,2
smp_8,Prevotella_buccalis,0,M,2
smp_8,Prevotella_colorans,0,M,2
smp_8,Prevotella_copri,0,M,2
smp_8,Prevotella_denticola,0,M,2
smp_8,Prevotella_disiens,0,M,2
smp_8,Prevotella_histicola,0,M,2
smp_8,Prevotella_melaninogenica,0,M,2
smp_8,Prevotella_oralis,0,M,2
smp_8,Prevotella_shahii,0,M,2
smp_8,Prevotella_stercorea,0,M,2
smp_8,Prevotella_timonensis,0,M,2
smp_8,Prevotellaceae_bacterium,0,M,2
smp_8,Pseudaeromonas_sharmana,0,M,2
smp_8,Pyramidobacter_piscolens,0,M,2
smp_8,Rikenella_microfusus,0,M,2
smp_8,Rikenella_sp.,0,M,2
smp_8,Robinsoniella_peoriensis,0,M,2
smp_8,Roseburia_intestinalis,0,M,2
smp_8,Ruminococcaceae_bacterium,0,M,2
smp_8,Ruminococcus_bicirculans,0,M,2
smp_8,Ruminococcus_champanellensis,0,M,2
smp_8,Ruminococcus_lactaris,0,M,2
smp_8,Ruminococcus_sp.,0,M,2
smp_8,Sanguibacteroides_justesenii,0,M,2
smp_8,Scapharca_broughtonii,0,M,2
smp_8,Scardovia_wiggsiae,0,M,2
smp_8,Sellimonas_intestinalis,0,M,2
smp_8,Sneathia_amnii,0,M,2
smp_8,Spirochaeta_perfilievii,0,M,2
smp_8,Spirochaeta_psychrophila,0,M,2
smp_8,Streptococcus_agalactiae,0,M,2
smp_8,Streptococcus_mutans,0,M,2
smp_8,Streptococcus_salivarius,0,M,2
smp_8,Streptococcus_sobrinus,0,M,2
smp_8,Strombidium_paracapitatum,0,M,2
smp_8,Succinatimonas_hippei,0,M,2
smp_8,Sutterella_sp.,2.476,M,2
smp_8,Sutterella_wadsworthensis,0,M,2
smp_8,Tannerella_forsythia,0,M,2
smp_8,Tausonia_sp.,0,M,2
smp_8,Veillonella_magna,0,M,2
smp_8,Weissella_diestrammenae,0,M,2
smp_8,[Clostridium]_aldenense,0,M,2
smp_8,[Clostridium]_colinum,0,M,2
smp_8,[Clostridium]_glycyrrhizinilyticum,0,M,2
smp_8,[Clostridium]_hylemonae,0,M,2
smp_8,[Clostridium]_leptum,0,M,2
smp_8,[Clostridium]_scindens,0,M,2
smp_8,[Clostridium]_spiroforme,0,M,2
smp_9,Absiella_argi,0,M,1
smp_9,Absiella_dolichum,0,M,1
smp_9,Acinetobacter_sp.,0,M,1
smp_9,Acinetobacter_ursingii,0,M,1
smp_9,Actinomyces_graevenitzii,0,M,1
smp_9,Actinotignum_schaalii,0,M,1
smp_9,Akkermansia_muciniphila,0,M,1
smp_9,Alistipes_finegoldii,0,M,1
smp_9,Alistipes_indistinctus,0,M,1
smp_9,Alistipes_inops,0,M,1
smp_9,Alistipes_obesi,0,M,1
smp_9,Alistipes_sp.,0,M,1
smp_9,Anaerococcus_hydrogenalis,0,M,1
smp_9,Anaerococcus_vaginalis,0,M,1
smp_9,Anaerofustis_stercorihominis,0,M,1
smp_9,Anaeroglobus_geminatus,0,M,1
smp_9,Anaerostipes_caccae,0,M,1
smp_9,Anaerostipes_rhamnosivorans,0,M,1
smp_9,Anaerotruncus_sp.,0,M,1
smp_9,Atopobium_vaginae,0,M,1
smp_9,bacterium_YE57,0,M,1
smp_9,Bacteroidaceae_bacterium,0,M,1
smp_9,Bacteroides_barnesiae,0,M,1
smp_9,Bacteroides_caecigallinarum,0,M,1
smp_9,Bacteroides_clarus,0,M,1
smp_9,Bacteroides_coprocola,0,M,1
smp_9,Bacteroides_coprophilus,0,M,1
smp_9,Bacteroides_eggerthii,0,M,1
smp_9,Bacteroides_finegoldii,0,M,1
smp_9,Bacteroides_massiliensis,5.07,M,1
smp_9,Bacteroides_sartorii,0,M,1
smp_9,Bacteroides_sp.,0,M,1
smp_9,Bacteroides_stercoris,0,M,1
smp_9,Bacteroides_vulgatus,0,M,1
smp_9,Barnesiella_viscericola,0,M,1
smp_9,Bifidobacterium_animalis,0,M,1
smp_9,Bifidobacterium_bifidum,0,M,1
smp_9,Bifidobacterium_pullorum,0,M,1
smp_9,Blautia_caecimuris,0,M,1
smp_9,Blautia_faecis,0,M,1
smp_9,Blautia_hydrogenotrophica,0,M,1
smp_9,Blautia_sp.,0,M,1
smp_9,Blautia_stercoris,0,M,1
smp_9,Brachyspira_aalborgi,0,M,1
smp_9,Burkholderia_sp.,0,M,1
smp_9,Butyricicoccus_pullicaecorum,0,M,1
smp_9,Butyrivibrio_crossotus,0,M,1
smp_9,Campylobacter_concisus,0,M,1
smp_9,Campylobacter_gracilis,0,M,1
smp_9,Campylobacter_hominis,0,M,1
smp_9,Campylobacter_ureolyticus,0,M,1
smp_9,Candidatus_Babela,0,M,1
smp_9,Candidatus_Fonsibacter,0,M,1
smp_9,Candidatus_Nanopelagicus,0,M,1
smp_9,Candidatus_Stoquefichus,0,M,1
smp_9,Catenibacillus_scindens,0,M,1
smp_9,Christensenella_minuta,0,M,1
smp_9,Chryseobacterium_chaponense,0,M,1
smp_9,Cladosporium_iridis,0,M,1
smp_9,Cloacibacillus_evryensis,0,M,1
smp_9,Clostridiaceae_bacterium,0,M,1
smp_9,Clostridiales_bacterium,0,M,1
smp_9,Clostridium_butyricum,0,M,1
smp_9,Clostridium_paraputrificum,0,M,1
smp_9,Clostridium_perfringens,0,M,1
smp_9,Clostridium_tertium,0,M,1
smp_9,Colletotrichum_nicotianae,0,M,1
smp_9,Collinsella_sp.,0,M,1
smp_9,Collinsella_stercoris,0,M,1
smp_9,Collinsella_tanakaei,0,M,1
smp_9,Coprobacter_secundus,0,M,1
smp_9,Coprococcus_eutactus,0,M,1
smp_9,Corynebacterium_argentoratense,0,M,1
smp_9,Corynebacterium_aurimucosum,0,M,1
smp_9,Corynebacterium_durum,0,M,1
smp_9,Daucus_carota,0,M,1
smp_9,Desulfovibrio_ferrireducens,0,M,1
smp_9,Desulfovibrio_piger,0,M,1
smp_9,Desulfovibrio_sp.,0,M,1
smp_9,Dielma_sp.,0,M,1
smp_9,Eggerthella_sinensis,0,M,1
smp_9,Empedobacter_brevis,0,M,1
smp_9,Eubacteriaceae_bacterium,0,M,1
smp_9,Eubacterium_limosum,0,M,1
smp_9,Eubacterium_ramulus,0,M,1
smp_9,Eubacterium_saphenum,0,M,1
smp_9,Eubacterium_sp.,0,M,1
smp_9,Extibacter_muris,0,M,1
smp_9,Ezakiella_peruensis,0,M,1
smp_9,Faecalicatena_fissicatena,0,M,1
smp_9,Faecalicoccus_pleomorphus,0,M,1
smp_9,Faecalitalea_cylindroides,0,M,1
smp_9,Filimonas_sp.,0,M,1
smp_9,Flavonifractor_plautii,0,M,1
smp_9,Fusobacterium_mortiferum,0,M,1
smp_9,Fusobacterium_necrophorum,0,M,1
smp_9,Gabonibacter_massiliensis,0,M,1
smp_9,Gluconobacter_cerinus,0,M,1
smp_9,Gordonibacter_pamelaeae,0,M,1
smp_9,Gymnodinium_aureolum,0,M,1
smp_9,Haemophilus_parahaemolyticus,0,M,1
smp_9,Haemophilus_sputorum,0,M,1
smp_9,Holdemania_filiformis,0,M,1
smp_9,Ihubacter_massiliensis,0,M,1
smp_9,Ileibacterium_valens,0,M,1
smp_9,Intestinimonas_butyriciproducens,0,M,1
smp_9,Intestinimonas_sp.,0,M,1
smp_9,Joostella_marina,0,M,1
smp_9,Lachnoclostridium_phocaeense,0,M,1
smp_9,Lachnospiraceae_bacterium,3.834,M,1
smp_9,Lactobacillus_delbrueckii,0,M,1
smp_9,Lactobacillus_mucosae,0,M,1
smp_9,Lactobacillus_vaginalis,0,M,1
smp_9,Leptotrichia_sp.,0,M,1
smp_9,Massiliomicrobiota_timonensis,0,M,1
smp_9,Megasphaera_micronuciformis,0,M,1
smp_9,Micromonas_commoda,0,M,1
smp_9,Mobiluncus_curtisii,0,M,1
smp_9,Monocercomonoides_sp.,0,M,1
smp_9,Mordavella_sp.,0,M,1
smp_9,Murdochiella_asaccharolytica,0,M,1
smp_9,Murdochiella_vaginalis,0,M,1
smp_9,Myrothecium_gramineum,0,M,1
smp_9,Myrothecium_sp.,0,M,1
smp_9,Negativicoccus_succinicivorans,0,M,1
smp_9,Nephroselmis_pyriformis,0,M,1
smp_9,Odoribacter_laneus,0,M,1
smp_9,Odoribacter_splanchnicus,3.486,M,1
smp_9,Oryza_sativa,0,M,1
smp_9,Oxalobacter_formigenes,0,M,1
smp_9,Parabacteroides_goldsteinii,2.906,M,1
smp_9,Parabacteroides_johnsonii,0,M,1
smp_9,Parabacteroides_merdae,0,M,1
smp_9,Paraphaeosphaeria_neglecta,0,M,1
smp_9,Paraprevotella_xylaniphila,0,M,1
smp_9,Parasutterella_excrementihominis,0,M,1
smp_9,Peptococcus_niger,0,M,1
smp_9,Peptoniphilus_coxii,0,M,1
smp_9,Peptoniphilus_lacrimalis,0,M,1
smp_9,Peptoniphilus_timonensis,0,M,1
smp_9,Peptoniphilus_urinimassiliensis,0,M,1
smp_9,Peptostreptococcus_anaerobius,0,M,1
smp_9,Phalacroma_mitra,0,M,1
smp_9,Polycyclovorans_algicola,0,M,1
smp_9,Porphyromonas_asaccharolytica,0,M,1
smp_9,Porphyromonas_bennonis,0,M,1
smp_9,Porphyromonas_gingivalis,0,M,1
smp_9,Porphyromonas_somerae,0,M,1
smp_9,Prevotella_bergensis,0,M,1
smp_9,Prevotella_bivia,0,M,1
smp_9,Prevotella_buccae,0,M,1
smp_9,Prevotella_buccalis,0,M,1
smp_9,Prevotella_colorans,0,M,1
smp_9,Prevotella_copri,0,M,1
smp_9,Prevotella_denticola,0,M,1
smp_9,Prevotella_disiens,0,M,1
smp_9,Prevotella_histicola,0,M,1
smp_9,Prevotella_melaninogenica,0,M,1
smp_9,Prevotella_oralis,0,M,1
smp_9,Prevotella_shahii,0,M,1
smp_9,Prevotella_stercorea,0,M,1
smp_9,Prevotella_timonensis,0,M,1
smp_9,Prevotellaceae_bacterium,0,M,1
smp_9,Pseudaeromonas_sharmana,0,M,1
smp_9,Pyramidobacter_piscolens,0,M,1
smp_9,Rikenella_microfusus,0,M,1
smp_9,Rikenella_sp.,0,M,1
smp_9,Robinsoniella_peoriensis,0,M,1
smp_9,Roseburia_intestinalis,0,M,1
smp_9,Ruminococcaceae_bacterium,0,M,1
smp_9,Ruminococcus_bicirculans,4.13,M,1
smp_9,Ruminococcus_champanellensis,0,M,1
smp_9,Ruminococcus_lactaris,0,M,1
smp_9,Ruminococcus_sp.,0,M,1
smp_9,Sanguibacteroides_justesenii,0,M,1
smp_9,Scapharca_broughtonii,0,M,1
smp_9,Scardovia_wiggsiae,0,M,1
smp_9,Sellimonas_intestinalis,0,M,1
smp_9,Sneathia_amnii,0,M,1
smp_9,Spirochaeta_perfilievii,0,M,1
smp_9,Spirochaeta_psychrophila,0,M,1
smp_9,Streptococcus_agalactiae,0,M,1
smp_9,Streptococcus_mutans,0,M,1
smp_9,Streptococcus_salivarius,0,M,1
smp_9,Streptococcus_sobrinus,0,M,1
smp_9,Strombidium_paracapitatum,0,M,1
smp_9,Succinatimonas_hippei,0,M,1
smp_9,Sutterella_sp.,0,M,1
smp_9,Sutterella_wadsworthensis,0,M,1
smp_9,Tannerella_forsythia,0,M,1
smp_9,Tausonia_sp.,0,M,1
smp_9,Veillonella_magna,0,M,1
smp_9,Weissella_diestrammenae,0,M,1
smp_9,[Clostridium]_aldenense,0,M,1
smp_9,[Clostridium]_colinum,0,M,1
smp_9,[Clostridium]_glycyrrhizinilyticum,0,M,1
smp_9,[Clostridium]_hylemonae,0,M,1
smp_9,[Clostridium]_leptum,0,M,1
smp_9,[Clostridium]_scindens,0,M,1
smp_9,[Clostridium]_spiroforme,0,M,1
